[UTIL]   running in SA mode (no --phy-test, --do-ra, --nsa option present)
[0m[OPT]   OPT disabled
[0m[HW]   Version: Branch: ltm_feature Abrev. Hash: 4d998f2461 Date: Tue Jun 30 12:27:55 2026 +0530
[0m[GNB_APP]   Initialized RAN Context: RC.nb_nr_inst = 1, RC.nb_nr_macrlc_inst = 1, RC.nb_nr_L1_inst = 1, RC.nb_RU = 1, RC.nb_nr_CC[0] = 1
[0m[NR_PHY]   Initializing gNB RAN context: RC.nb_nr_L1_inst = 1 
[0m[NR_PHY]   Registered with MAC interface module (0x5f19d038a1c0)
[0m[NR_PHY]   Initializing NR L1: RC.nb_nr_L1_inst = 1
[0m[NR_PHY]   L1_RX_THREAD_CORE -1 (15)
[0m[NR_PHY]   TX_AMP = 519 (-36 dBFS)
[0m[PHY]   No prs_config configuration found..!!
[0m[GNB_APP]   pdsch_AntennaPorts N1 1 N2 1 XP 1 pusch_AntennaPorts 1
[0m[GNB_APP]   minTXRXTIME 6
[0m[GNB_APP]   SIB1 TDA 1
[0m[GNB_APP]   CSI-RS 0, SRS 0, report type 0 (ssb_rsrp), 256 QAM force off, delta_MCS off, maxMIMO_Layers -1, HARQ feedback enabled, num DLHARQ:16, num ULHARQ:16
[0m[GNB_APP]   No RedCap configuration found
[0m[GNB_APP]   No PTRS configuration found
[0m[GNB_APP]   sr_ProhibitTimer 0, sr_TransMax 64, sr_ProhibitTimer_v1700 0, t300 400, t301 400, t310 2000, n310 10, t311 3000, n311 1, t319 400
[0m[NR_MAC]   Candidates per PDCCH aggregation level on UESS: L1: 0, L2: 2, L4: 0, L8: 0, L16: 0
[0m[RRC]   Read in ServingCellConfigCommon (PhysCellId 0, ABSFREQSSB 641280, DLBand 78, ABSFREQPOINTA 640008, DLBW 106,RACH_TargetReceivedPower -96
[0m[RRC]   absoluteFrequencySSB 641280 corresponds to 3619200000 Hz
[0m[NR_MAC]   TDD period index = 6, based on the sum of dl_UL_TransmissionPeriodicity from Pattern1 (5.000000 ms) and Pattern2 (0.000000 ms): Total = 5.000000 ms
[0m[UTIL]   threadCreate() for MAC_STATS: creating thread with affinity ffffffff, priority 2
[0m[NR_MAC]   PUSCH Target 200, PUCCH Target 150, PUCCH Failure 10, PUSCH Failure 10
[0m[NR_PHY]   Copying 0 blacklisted PRB to L1 context
[0m[NR_MAC]   Set TX antenna number to 1, Set RX antenna number to 1 (num ssb 1: 80000000,0)
[0m[NR_MAC]   TDD period index = 6, based on the sum of dl_UL_TransmissionPeriodicity from Pattern1 (5.000000 ms) and Pattern2 (0.000000 ms): Total = 5.000000 ms
[0m[NR_MAC]   Set TDD configuration period to: 8 DL slots, 3 UL slots, 10 slots per period (NR_TDD_UL_DL_Pattern is 7 DL slots, 2 UL slots, 6 DL symbols, 4 UL symbols)
[0m[NR_MAC]   Configured 1 TDD patterns (total slots: pattern1 = 10, pattern2 = 0)
[0m[NR_PHY]   Set TDD Period Configuration: 2 periods per frame, 20 slots to be configured (8 DL, 3 UL)
[0m[NR_PHY]   TDD period configuration: slot 0 is DOWNLINK
[0m[NR_PHY]   TDD period configuration: slot 1 is DOWNLINK
[0m[NR_PHY]   TDD period configuration: slot 2 is DOWNLINK
[0m[NR_PHY]   TDD period configuration: slot 3 is DOWNLINK
[0m[NR_PHY]   TDD period configuration: slot 4 is DOWNLINK
[0m[NR_PHY]   TDD period configuration: slot 5 is DOWNLINK
[0m[NR_PHY]   TDD period configuration: slot 6 is DOWNLINK
[0m[NR_PHY]   TDD period configuration: slot 7 is FLEXIBLE: DDDDDDFFFFUUUU
[0m[NR_PHY]   TDD period configuration: slot 8 is UPLINK
[0m[NR_PHY]   TDD period configuration: slot 9 is UPLINK
[0m[NR_MAC]   Command line parameters for OAI UE: -C 3619200000 -r 106 --numerology 1 --band 78 --ssb 516 
[0m[PHY]   DL frequency 3619200000 Hz, UL frequency 3619200000 Hz: band 48, uldl offset 0 Hz
[0m[PHY]   Initializing frame parms for mu 1, N_RB 106, Ncp 0
[0m[PHY]   Init: N_RB_DL 106, first_carrier_offset 1412, nb_prefix_samples 144,nb_prefix_samples0 176, ofdm_symbol_size 2048
[0m[NR_MAC]   TDA index 0: start 0 length 13 k2 6
[0m[NR_MAC]   TDA index 1: start 10 length 3 k2 6
[0m[NR_RRC]   SIB1 freq: offsetToPointA 86
[0m[GNB_APP]   F1AP: gNB idx 0 gNB_DU_id 3584, gNB_DU_name gNB-Eurecom-DU, TAC 40960 MCC/MNC/length 208/95/2 cellID 1
[0m[GNB_APP]   ngran_DU: Configuring Cell 0 for TDD
[0m[GNB_APP]   SDAP layer is disabled
[0m[GNB_APP]   Data Radio Bearer count 1
[0m[UTIL]   threadCreate() for TASK_SCTP: creating thread with affinity ffffffff, priority 50
[0m[X2AP]   X2AP is disabled.
[0m[UTIL]   threadCreate() for TASK_GNB_APP: creating thread with affinity ffffffff, priority 50
[0m[UTIL]   threadCreate() for TASK_GTPV1_U: creating thread with affinity ffffffff, priority 50
[0m[UTIL]   threadCreate() for TASK_DU_F1: creating thread with affinity ffffffff, priority 50
[0m[UTIL]   threadCreate() for time source iq samples: creating thread with affinity ffffffff, priority 2
[0m[F1AP]   Starting F1AP at DU
[0m[F1AP]   F1-C DU IPaddr 127.0.0.3, connect to F1-C CU 127.0.0.4, binding GTP to 127.0.0.3
[0m[34m[F1AP]   DU Task Received F1AP_DU_REGISTER_REQ for instance 0: sending SCTP messages via assoc_id 0
[0m[34m[F1AP]   Local IPv4 Address: 127.0.0.3, Remote IPv4 Address: 127.0.0.4
[0m[GTPU]   Initializing UDP for local address 127.0.0.3 with port 2152
[0m[GTPU]   Created gtpu instance id: 90
[0m[UTIL]   threadCreate() for GTPrx_90: creating thread with affinity ffffffff, priority 50
[0m[UTIL]   time manager configuration: [time source: iq_samples] [mode: standalone] [server IP: 127.0.0.1} [server port: 7374] (server IP/port not used)
[0m[34m[F1AP]   DU Task Received SCTP_NEW_ASSOCIATION_RESP for instance 0: sending SCTP messages via assoc_id 0
[0m[34m[F1AP]   DU_send_F1_SETUP_REQUEST
[0m[34m[F1AP]   DU Task Received SCTP_DATA_IND for instance 0: sending SCTP messages via assoc_id 336
[0m[34m[F1AP]   Calling handler with instance 0
[0m[34m[F1AP]   DU_handle_F1_SETUP_RESPONSE
[0m[34m[F1AP]   Sending F1AP_SETUP_RESP ITTI message
[0m[MAC]   received F1 Setup Response from CU gNB-Eurecom-CU
[0m[MAC]   CU uses RRC version 17.3.0
[0m[MAC]   Clearing the DU's UE states before, if any.
[0m[34m[F1AP]   DU Task Received F1AP_GNB_DU_CONFIGURATION_UPDATE for instance 0: sending SCTP messages via assoc_id 336
[0m[34m[F1AP]   DU Task Received SCTP_DATA_IND for instance 0: sending SCTP messages via assoc_id 336
[0m[34m[F1AP]   Calling handler with instance 0
[0m[MAC]   received gNB-DU configuration update acknowledge
[0m[PHY]   RU clock source set as internal
[0m[PHY]   number of L1 instances 1, number of RU 1, number of CPU cores 8
[0m[PHY]   Initialized RU proc 0 (,synch_to_ext_device),
[0m[PHY]   RU thread-pool core string -1,-1 (size 2)
[0m[UTIL]   threadCreate() for Tpool0_-1: creating thread with affinity ffffffff, priority 97
[0m[UTIL]   threadCreate() for Tpool1_-1: creating thread with affinity ffffffff, priority 97
[0m[UTIL]   threadCreate() for ru_thread: creating thread with affinity ffffffff, priority 97
[0m[PHY]   Starting RU 0 (,synch_to_ext_device) on cpu 6
[0m[PHY]   Initializing frame parms for mu 1, N_RB 106, Ncp 0
[0m[PHY]   Init: N_RB_DL 106, first_carrier_offset 1412, nb_prefix_samples 144,nb_prefix_samples0 176, ofdm_symbol_size 2048
[0m[PHY]   fp->scs=30000
[0m[PHY]   fp->ofdm_symbol_size=2048
[0m[PHY]   fp->nb_prefix_samples0=176
[0m[PHY]   fp->nb_prefix_samples=144
[0m[PHY]   fp->slots_per_subframe=2
[0m[PHY]   fp->samples_per_subframe_wCP=57344
[0m[PHY]   fp->samples_per_frame_wCP=573440
[0m[PHY]   fp->samples_per_subframe=61440
[0m[PHY]   fp->samples_per_frame=614400
[0m[PHY]   fp->dl_CarrierFreq=3619200000
[0m[PHY]   fp->ul_CarrierFreq=3619200000
[0m[PHY]   fp->Nid_cell=0
[0m[PHY]   fp->first_carrier_offset=1412
[0m[PHY]   fp->ssb_start_subcarrier=0
[0m[PHY]   fp->Ncp=0
[0m[PHY]   fp->N_RB_DL=106
[0m[PHY]   fp->numerology_index=1
[0m[PHY]   fp->nr_band=48
[0m[PHY]   fp->ofdm_offset_divisor=8
[0m[PHY]   fp->threequarter_fs=0
[0m[PHY]   fp->sl_CarrierFreq=0
[0m[PHY]   fp->N_RB_SL=0
[0m[NR_PHY]   nb_tx_streams 1, nb_rx_streams 1, num_Beams_period 1
[0m[PHY]   Setting RF config for N_RB 106, NB_RX 1, NB_TX 1
[0m[PHY]   tune_offset 0 Hz, sample_rate 61440000 Hz
[0m[PHY]   Channel 0: setting tx_gain offset 0, tx_freq 3619200000 Hz
[0m[PHY]   Channel 0: setting rx_gain offset 114, rx_freq 3619200000 Hz
[0m[HW]   Running as server waiting opposite rfsimulators to connect
[0m[HW]   [RAU] has loaded RFSIMULATOR device.
[0m[PHY]   RU 0 Setting N_TA_offset to 800 samples (UL Freq 3600120, N_RB 106, mu 1)
[0m[PHY]   Signaling main thread that RU 0 is ready, sl_ahead 6
[0m[PHY]   L1 configured without analog beamforming
[0m[PHY]   Attaching RU 0 antenna 0 to gNB antenna 0
[0m[UTIL]   threadCreate() for Tpool0_-1: creating thread with affinity ffffffff, priority 97
[0m[UTIL]   threadCreate() for Tpool1_-1: creating thread with affinity ffffffff, priority 97
[0m[UTIL]   threadCreate() for Tpool2_-1: creating thread with affinity ffffffff, priority 97
[0m[UTIL]   threadCreate() for Tpool3_-1: creating thread with affinity ffffffff, priority 97
[0m[UTIL]   threadCreate() for Tpool4_-1: creating thread with affinity ffffffff, priority 97
[0m[UTIL]   threadCreate() for Tpool5_-1: creating thread with affinity ffffffff, priority 97
[0m[UTIL]   threadCreate() for Tpool6_-1: creating thread with affinity ffffffff, priority 97
[0m[UTIL]   threadCreate() for Tpool7_-1: creating thread with affinity ffffffff, priority 97
[0m[UTIL]   threadCreate() for L1_rx_thread: creating thread with affinity ffffffff, priority 97
[0m[UTIL]   threadCreate() for L1_tx_thread: creating thread with affinity ffffffff, priority 97
[0m[UTIL]   threadCreate() for L1_stats: creating thread with affinity ffffffff, priority 1
[0m[PHY]   got sync (L1_stats_thread)
[0mCMDLINE: "./nr-softmodem" "-O" "../../../targets/PROJECTS/GENERIC-NR-5GC/CONF/du_gnb.conf" "--rfsim" 
[CONFIG] function config_libconfig_init returned 0
DL frequency 3619200000: band 48, UL frequency 3619200000
Initializing random number generator, seed 4646388191107087740
TYPE <CTRL-C> TO TERMINATE
[PHY]   got sync (ru_thread)
[0m[PHY]   RU 0 rf device ready
[0m[PHY]   RU 0 RF started cpu_meas_enabled 0
[0m[HW]   No connected device, generating void samples...
[0m[32m[PHY]   Command line parameters for OAI UE: -C 3619200000 -r 106 --numerology 1 --ssb 516 
[0m[NR_MAC]   Frame.Slot 128.0

[0m[NR_MAC]   Frame.Slot 256.0

[0m[HW]   Client connects from ::ffff:127.0.0.1:41643
[0m[NR_MAC]   Frame.Slot 384.0

[0m[NR_MAC]   Frame.Slot 512.0

[0m[32m[NR_PHY]   [RAPROC] 547.19 Initiating RA procedure with preamble 45, energy 43.2 dB (I0 0, thres 120), delay 0 start symbol 8 freq index 0
[0m[32m[NR_MAC]   547.19 UE RA-RNTI 0113 TC-RNTI 0388: initiating RA procedure
[0m[NR_MAC]   UE 0388: Msg3 scheduled at 548.19 (548.10 TDA 0) start 0 RBs 8
[0m[32m[NR_MAC]   UE 0388: 548.10 Generating RA-Msg2 DCI, RA RNTI 0x113, state 1, preamble_index(RAPID) 45, timing_offset = 0 (estimated distance 0.0 [m])
[0m[32m[NR_MAC]   548.10 Send RAR to RA-RNTI 0113
[0m[32m[NR_MAC]    548.19 PUSCH with TC_RNTI 0x0388 received correctly
[0m[MAC]   [RAPROC] Received SDU for CCCH length 6 for UE 0388
[0m[RLC]   Activated srb0 for UE 904
[0m[RLC]   Added srb 1 to UE 904
[0m[NR_MAC]   Activating scheduling Msg4 for TC_RNTI 0x0388 (state WAIT_Msg3)
[0m[34m[F1AP]   DU Task Received F1AP_INITIAL_UL_RRC_MESSAGE for instance 0: sending SCTP messages via assoc_id 336
[0m[34m[F1AP]   DU Task Received SCTP_DATA_IND for instance 0: sending SCTP messages via assoc_id 336
[0m[34m[F1AP]   Calling handler with instance 0
[0m[1;31m[NR_MAC]   Cannot find free vrb_map for RNTI 0388!
[0m[NR_MAC]   UE 0388 Generate Msg4: feedback at  550. 7, payload 161 bytes, next state nrRA_WAIT_Msg4_MsgB_ACK
[0m[32m[NR_MAC]    550. 7 UE 0388: Received Ack of Msg4. CBRA procedure succeeded (UE Connected)
[0m[NR_MAC]   Adding new UE context with RNTI 0x0388
[0m[34m[F1AP]   DU Task Received F1AP_UL_RRC_MESSAGE for instance 0: sending SCTP messages via assoc_id 336
[0m[34m[F1AP]   size 39 UE RNTI 388 in SRB 1
[0m[34m[F1AP]   DU Task Received SCTP_DATA_IND for instance 0: sending SCTP messages via assoc_id 336
[0m[34m[F1AP]   Calling handler with instance 0
[0m[34m[F1AP]   DU Task Received F1AP_UL_RRC_MESSAGE for instance 0: sending SCTP messages via assoc_id 336
[0m[34m[F1AP]   size 30 UE RNTI 388 in SRB 1
[0m[NR_MAC]   Frame.Slot 640.0
UE RNTI 0388 CU-UE-ID 1 in-sync PH 48 dB PCMAX 20 dBm, average RSRP -44 (11 meas)
UE 0388: dlsch_rounds 4/0/0/0, dlsch_errors 0, pucch0_DTX 0, BLER 0.09000 MCS (0) 0 CCE fail 0
UE 0388: ulsch_rounds 16/0/0/0, ulsch_errors 0, ulsch_DTX 0, BLER 0.04783 MCS (0) 0 (Qm 2 deltaMCS 0 dB) NPRB 5  SNR 50.5 dB CCE fail 0
UE 0388: MAC:    TX            100 RX            327 bytes
UE 0388: LCID 1: TX             59 RX             80 bytes

[0m[34m[F1AP]   DU Task Received SCTP_DATA_IND for instance 0: sending SCTP messages via assoc_id 336
[0m[34m[F1AP]   Calling handler with instance 0
[0m[34m[F1AP]   DU Task Received F1AP_UL_RRC_MESSAGE for instance 0: sending SCTP messages via assoc_id 336
[0m[34m[F1AP]   size 66 UE RNTI 388 in SRB 1
[0m[34m[F1AP]   DU Task Received SCTP_DATA_IND for instance 0: sending SCTP messages via assoc_id 336
[0m[34m[F1AP]   Calling handler with instance 0
[0m[34m[F1AP]   DU Task Received F1AP_UL_RRC_MESSAGE for instance 0: sending SCTP messages via assoc_id 336
[0m[34m[F1AP]   size 8 UE RNTI 388 in SRB 1
[0m[34m[F1AP]   DU Task Received SCTP_DATA_IND for instance 0: sending SCTP messages via assoc_id 336
[0m[34m[F1AP]   Calling handler with instance 0
[0m[34m[F1AP]   DU Task Received F1AP_UL_RRC_MESSAGE for instance 0: sending SCTP messages via assoc_id 336
[0m[34m[F1AP]   size 20 UE RNTI 388 in SRB 1
[0m[34m[F1AP]   DU Task Received SCTP_DATA_IND for instance 0: sending SCTP messages via assoc_id 336
[0m[34m[F1AP]   Calling handler with instance 0
[0m[34m[F1AP]   DU Task Received F1AP_UL_RRC_MESSAGE for instance 0: sending SCTP messages via assoc_id 336
[0m[34m[F1AP]   size 19 UE RNTI 388 in SRB 1
[0m[34m[F1AP]   DU Task Received F1AP_UL_RRC_MESSAGE for instance 0: sending SCTP messages via assoc_id 336
[0m[34m[F1AP]   size 48 UE RNTI 388 in SRB 1
[0m[34m[F1AP]   DU Task Received SCTP_DATA_IND for instance 0: sending SCTP messages via assoc_id 336
[0m[34m[F1AP]   Calling handler with instance 0
[0m[RLC]   Added srb 2 to UE 904
[0m[RLC]   Added drb 1 to UE 904
[0m[RLC]   Added DRB to UE 904
[0m[GTPU]   [90] UE ID 904: Create tunnel TEID incoming a7533392 outgoing bcb6e46a to remote IPv4 127.0.0.4, IPv6 ::, port 2152
[0m[34m[F1AP]   DU Task Received F1AP_UE_CONTEXT_SETUP_RESP for instance 0: sending SCTP messages via assoc_id 336
[0m[34m[F1AP]   DU Task Received SCTP_DATA_IND for instance 0: sending SCTP messages via assoc_id 336
[0m[34m[F1AP]   Calling handler with instance 0
[0m[34m[F1AP]   DU Task Received F1AP_UL_RRC_MESSAGE for instance 0: sending SCTP messages via assoc_id 336
[0m[34m[F1AP]   size 8 UE RNTI 388 in SRB 1
[0m[34m[F1AP]   DU Task Received SCTP_DATA_IND for instance 0: sending SCTP messages via assoc_id 336
[0m[34m[F1AP]   Calling handler with instance 0
[0m[NR_MAC]   DU received confirmation of successful RRC Reconfiguration
[0m[34m[F1AP]   DU Task Received F1AP_UE_CONTEXT_MODIFICATION_RESP for instance 0: sending SCTP messages via assoc_id 336
[0m[NR_MAC]   Frame.Slot 768.0
UE RNTI 0388 CU-UE-ID 1 in-sync PH 48 dB PCMAX 20 dBm, average RSRP -44 (16 meas)
UE 0388: dlsch_rounds 18/0/0/0, dlsch_errors 0, pucch0_DTX 0, BLER 0.04783 MCS (0) 0 CCE fail 2
UE 0388: ulsch_rounds 54/0/0/0, ulsch_errors 0, ulsch_DTX 0, BLER 0.01216 MCS (0) 0 (Qm 2 deltaMCS 0 dB) NPRB 5  SNR 50.5 dB CCE fail 0
UE 0388: MAC:    TX            776 RX           1431 bytes
UE 0388: LCID 1: TX            541 RX            284 bytes
UE 0388: LCID 2: TX              0 RX              0 bytes
UE 0388: LCID 4: TX              3 RX             54 bytes

[0m[NR_MAC]   Frame.Slot 896.0
UE RNTI 0388 CU-UE-ID 1 in-sync PH 48 dB PCMAX 20 dBm, average RSRP -44 (16 meas)
UE 0388: dlsch_rounds 19/0/0/0, dlsch_errors 0, pucch0_DTX 0, BLER 0.04305 MCS (0) 0 CCE fail 2
UE 0388: ulsch_rounds 67/0/0/0, ulsch_errors 0, ulsch_DTX 0, BLER 0.00309 MCS (0) 0 (Qm 2 deltaMCS 0 dB) NPRB 5  SNR 50.5 dB CCE fail 0
UE 0388: MAC:    TX            797 RX           1691 bytes
UE 0388: LCID 1: TX            541 RX            284 bytes
UE 0388: LCID 2: TX              0 RX              0 bytes
UE 0388: LCID 4: TX              3 RX             54 bytes

[0m[NR_MAC]   Frame.Slot 0.0
UE RNTI 0388 CU-UE-ID 1 in-sync PH 48 dB PCMAX 20 dBm, average RSRP -44 (16 meas)
UE 0388: dlsch_rounds 20/0/0/0, dlsch_errors 0, pucch0_DTX 0, BLER 0.03874 MCS (0) 0 CCE fail 2
UE 0388: ulsch_rounds 79/0/0/0, ulsch_errors 0, ulsch_DTX 0, BLER 0.00087 MCS (0) 0 (Qm 2 deltaMCS 0 dB) NPRB 5  SNR 50.5 dB CCE fail 0
UE 0388: MAC:    TX            818 RX           1931 bytes
UE 0388: LCID 1: TX            541 RX            284 bytes
UE 0388: LCID 2: TX              0 RX              0 bytes
UE 0388: LCID 4: TX              3 RX             54 bytes

[0m[NR_MAC]   Frame.Slot 128.0
UE RNTI 0388 CU-UE-ID 1 in-sync PH 48 dB PCMAX 20 dBm, average RSRP -44 (16 meas)
UE 0388: dlsch_rounds 22/0/0/0, dlsch_errors 0, pucch0_DTX 0, BLER 0.03138 MCS (0) 0 CCE fail 2
UE 0388: ulsch_rounds 92/0/0/0, ulsch_errors 0, ulsch_DTX 0, BLER 0.00022 MCS (0) 0 (Qm 2 deltaMCS 0 dB) NPRB 5  SNR 50.5 dB CCE fail 0
UE 0388: MAC:    TX            860 RX           2191 bytes
UE 0388: LCID 1: TX            541 RX            284 bytes
UE 0388: LCID 2: TX              0 RX              0 bytes
UE 0388: LCID 4: TX              3 RX             54 bytes

[0m[NR_MAC]   Frame.Slot 256.0
UE RNTI 0388 CU-UE-ID 1 in-sync PH 48 dB PCMAX 20 dBm, average RSRP -44 (16 meas)
UE 0388: dlsch_rounds 23/0/0/0, dlsch_errors 0, pucch0_DTX 0, BLER 0.02824 MCS (0) 0 CCE fail 2
UE 0388: ulsch_rounds 105/0/0/0, ulsch_errors 0, ulsch_DTX 0, BLER 0.00006 MCS (0) 0 (Qm 2 deltaMCS 0 dB) NPRB 5  SNR 50.5 dB CCE fail 0
UE 0388: MAC:    TX            881 RX           2451 bytes
UE 0388: LCID 1: TX            541 RX            284 bytes
UE 0388: LCID 2: TX              0 RX              0 bytes
UE 0388: LCID 4: TX              3 RX             54 bytes

[0m[NR_MAC]   Frame.Slot 384.0
UE RNTI 0388 CU-UE-ID 1 in-sync PH 48 dB PCMAX 20 dBm, average RSRP -44 (16 meas)
UE 0388: dlsch_rounds 24/0/0/0, dlsch_errors 0, pucch0_DTX 0, BLER 0.02542 MCS (0) 0 CCE fail 2
UE 0388: ulsch_rounds 118/0/0/0, ulsch_errors 0, ulsch_DTX 0, BLER 0.00001 MCS (0) 0 (Qm 2 deltaMCS 0 dB) NPRB 5  SNR 50.5 dB CCE fail 0
UE 0388: MAC:    TX            902 RX           2711 bytes
UE 0388: LCID 1: TX            541 RX            284 bytes
UE 0388: LCID 2: TX              0 RX              0 bytes
UE 0388: LCID 4: TX              3 RX             54 bytes

[0m[NR_MAC]   Frame.Slot 512.0
UE RNTI 0388 CU-UE-ID 1 in-sync PH 48 dB PCMAX 20 dBm, average RSRP -44 (16 meas)
UE 0388: dlsch_rounds 25/0/0/0, dlsch_errors 0, pucch0_DTX 0, BLER 0.02288 MCS (0) 0 CCE fail 2
UE 0388: ulsch_rounds 131/0/0/0, ulsch_errors 0, ulsch_DTX 0, BLER 0.00000 MCS (0) 0 (Qm 2 deltaMCS 0 dB) NPRB 5  SNR 50.5 dB CCE fail 0
UE 0388: MAC:    TX            923 RX           2971 bytes
UE 0388: LCID 1: TX            541 RX            284 bytes
UE 0388: LCID 2: TX              0 RX              0 bytes
UE 0388: LCID 4: TX              3 RX             54 bytes

[0m[NR_MAC]   Frame.Slot 640.0
UE RNTI 0388 CU-UE-ID 1 in-sync PH 48 dB PCMAX 20 dBm, average RSRP -44 (16 meas)
UE 0388: dlsch_rounds 27/0/0/0, dlsch_errors 0, pucch0_DTX 0, BLER 0.01853 MCS (0) 0 CCE fail 2
UE 0388: ulsch_rounds 143/0/0/0, ulsch_errors 0, ulsch_DTX 0, BLER 0.00000 MCS (0) 0 (Qm 2 deltaMCS 0 dB) NPRB 5  SNR 50.5 dB CCE fail 0
UE 0388: MAC:    TX            965 RX           3211 bytes
UE 0388: LCID 1: TX            541 RX            284 bytes
UE 0388: LCID 2: TX              0 RX              0 bytes
UE 0388: LCID 4: TX              3 RX             54 bytes

[0m[NR_MAC]   Frame.Slot 768.0
UE RNTI 0388 CU-UE-ID 1 in-sync PH 48 dB PCMAX 20 dBm, average RSRP -44 (16 meas)
UE 0388: dlsch_rounds 28/0/0/0, dlsch_errors 0, pucch0_DTX 0, BLER 0.01668 MCS (0) 0 CCE fail 2
UE 0388: ulsch_rounds 156/0/0/0, ulsch_errors 0, ulsch_DTX 0, BLER 0.00000 MCS (0) 0 (Qm 2 deltaMCS 0 dB) NPRB 5  SNR 50.5 dB CCE fail 0
UE 0388: MAC:    TX            986 RX           3471 bytes
UE 0388: LCID 1: TX            541 RX            284 bytes
UE 0388: LCID 2: TX              0 RX              0 bytes
UE 0388: LCID 4: TX              3 RX             54 bytes

[0m[NR_MAC]   Frame.Slot 896.0
UE RNTI 0388 CU-UE-ID 1 in-sync PH 48 dB PCMAX 20 dBm, average RSRP -44 (16 meas)
UE 0388: dlsch_rounds 29/0/0/0, dlsch_errors 0, pucch0_DTX 0, BLER 0.01501 MCS (0) 0 CCE fail 2
UE 0388: ulsch_rounds 169/0/0/0, ulsch_errors 0, ulsch_DTX 0, BLER 0.00000 MCS (0) 0 (Qm 2 deltaMCS 0 dB) NPRB 5  SNR 50.5 dB CCE fail 0
UE 0388: MAC:    TX           1007 RX           3731 bytes
UE 0388: LCID 1: TX            541 RX            284 bytes
UE 0388: LCID 2: TX              0 RX              0 bytes
UE 0388: LCID 4: TX              3 RX             54 bytes

[0m[NR_MAC]   Frame.Slot 0.0
UE RNTI 0388 CU-UE-ID 1 in-sync PH 48 dB PCMAX 20 dBm, average RSRP -44 (16 meas)
UE 0388: dlsch_rounds 30/0/0/0, dlsch_errors 0, pucch0_DTX 0, BLER 0.01351 MCS (0) 0 CCE fail 2
UE 0388: ulsch_rounds 182/0/0/0, ulsch_errors 0, ulsch_DTX 0, BLER 0.00000 MCS (0) 0 (Qm 2 deltaMCS 0 dB) NPRB 5  SNR 50.5 dB CCE fail 0
UE 0388: MAC:    TX           1028 RX           3991 bytes
UE 0388: LCID 1: TX            541 RX            284 bytes
UE 0388: LCID 2: TX              0 RX              0 bytes
UE 0388: LCID 4: TX              3 RX             54 bytes

[0m[NR_MAC]   Frame.Slot 128.0
UE RNTI 0388 CU-UE-ID 1 in-sync PH 48 dB PCMAX 20 dBm, average RSRP -44 (16 meas)
UE 0388: dlsch_rounds 32/0/0/0, dlsch_errors 0, pucch0_DTX 0, BLER 0.01094 MCS (0) 0 CCE fail 2
UE 0388: ulsch_rounds 195/0/0/0, ulsch_errors 0, ulsch_DTX 0, BLER 0.00000 MCS (0) 0 (Qm 2 deltaMCS 0 dB) NPRB 5  SNR 50.5 dB CCE fail 0
UE 0388: MAC:    TX           1070 RX           4251 bytes
UE 0388: LCID 1: TX            541 RX            284 bytes
UE 0388: LCID 2: TX              0 RX              0 bytes
UE 0388: LCID 4: TX              3 RX             54 bytes

[0m[NR_MAC]   Frame.Slot 256.0
UE RNTI 0388 CU-UE-ID 1 in-sync PH 48 dB PCMAX 20 dBm, average RSRP -44 (16 meas)
UE 0388: dlsch_rounds 33/0/0/0, dlsch_errors 0, pucch0_DTX 0, BLER 0.00985 MCS (0) 0 CCE fail 2
UE 0388: ulsch_rounds 207/0/0/0, ulsch_errors 0, ulsch_DTX 0, BLER 0.00000 MCS (0) 0 (Qm 2 deltaMCS 0 dB) NPRB 5  SNR 50.5 dB CCE fail 0
UE 0388: MAC:    TX           1091 RX           4491 bytes
UE 0388: LCID 1: TX            541 RX            284 bytes
UE 0388: LCID 2: TX              0 RX              0 bytes
UE 0388: LCID 4: TX              3 RX             54 bytes

[0m[NR_MAC]   Frame.Slot 384.0
UE RNTI 0388 CU-UE-ID 1 in-sync PH 48 dB PCMAX 20 dBm, average RSRP -44 (16 meas)
UE 0388: dlsch_rounds 34/0/0/0, dlsch_errors 0, pucch0_DTX 0, BLER 0.00886 MCS (0) 0 CCE fail 2
UE 0388: ulsch_rounds 220/0/0/0, ulsch_errors 0, ulsch_DTX 0, BLER 0.00000 MCS (0) 0 (Qm 2 deltaMCS 0 dB) NPRB 5  SNR 50.5 dB CCE fail 0
UE 0388: MAC:    TX           1112 RX           4751 bytes
UE 0388: LCID 1: TX            541 RX            284 bytes
UE 0388: LCID 2: TX              0 RX              0 bytes
UE 0388: LCID 4: TX              3 RX             54 bytes

[0m[NR_MAC]   Frame.Slot 512.0
UE RNTI 0388 CU-UE-ID 1 in-sync PH 48 dB PCMAX 20 dBm, average RSRP -44 (16 meas)
UE 0388: dlsch_rounds 37/0/0/0, dlsch_errors 0, pucch0_DTX 0, BLER 0.00646 MCS (0) 0 CCE fail 2
UE 0388: ulsch_rounds 238/0/0/0, ulsch_errors 0, ulsch_DTX 0, BLER 0.00000 MCS (0) 0 (Qm 2 deltaMCS 0 dB) NPRB 5  SNR 50.5 dB CCE fail 0
UE 0388: MAC:    TX           1175 RX           5237 bytes
UE 0388: LCID 1: TX            541 RX            284 bytes
UE 0388: LCID 2: TX              0 RX              0 bytes
UE 0388: LCID 4: TX              6 RX            108 bytes

[0m[NR_MAC]   Frame.Slot 640.0
UE RNTI 0388 CU-UE-ID 1 in-sync PH 48 dB PCMAX 20 dBm, average RSRP -44 (16 meas)
UE 0388: dlsch_rounds 38/0/0/0, dlsch_errors 0, pucch0_DTX 0, BLER 0.00581 MCS (0) 0 CCE fail 2
UE 0388: ulsch_rounds 251/0/0/0, ulsch_errors 0, ulsch_DTX 0, BLER 0.00000 MCS (0) 0 (Qm 2 deltaMCS 0 dB) NPRB 5  SNR 50.5 dB CCE fail 0
UE 0388: MAC:    TX           1196 RX           5497 bytes
UE 0388: LCID 1: TX            541 RX            284 bytes
UE 0388: LCID 2: TX              0 RX              0 bytes
UE 0388: LCID 4: TX              6 RX            108 bytes

[0m[NR_MAC]   Frame.Slot 768.0
UE RNTI 0388 CU-UE-ID 1 in-sync PH 48 dB PCMAX 20 dBm, average RSRP -44 (16 meas)
UE 0388: dlsch_rounds 39/0/0/0, dlsch_errors 0, pucch0_DTX 0, BLER 0.00523 MCS (0) 0 CCE fail 2
UE 0388: ulsch_rounds 264/0/0/0, ulsch_errors 0, ulsch_DTX 0, BLER 0.00000 MCS (0) 0 (Qm 2 deltaMCS 0 dB) NPRB 5  SNR 50.5 dB CCE fail 0
UE 0388: MAC:    TX           1217 RX           5757 bytes
UE 0388: LCID 1: TX            541 RX            284 bytes
UE 0388: LCID 2: TX              0 RX              0 bytes
UE 0388: LCID 4: TX              6 RX            108 bytes

[0m[NR_MAC]   Frame.Slot 896.0
UE RNTI 0388 CU-UE-ID 1 in-sync PH 48 dB PCMAX 20 dBm, average RSRP -44 (16 meas)
UE 0388: dlsch_rounds 40/0/0/0, dlsch_errors 0, pucch0_DTX 0, BLER 0.00471 MCS (0) 0 CCE fail 2
UE 0388: ulsch_rounds 276/0/0/0, ulsch_errors 0, ulsch_DTX 0, BLER 0.00000 MCS (0) 0 (Qm 2 deltaMCS 0 dB) NPRB 5  SNR 50.5 dB CCE fail 0
UE 0388: MAC:    TX           1238 RX           5997 bytes
UE 0388: LCID 1: TX            541 RX            284 bytes
UE 0388: LCID 2: TX              0 RX              0 bytes
UE 0388: LCID 4: TX              6 RX            108 bytes

[0m[NR_MAC]   Frame.Slot 0.0
UE RNTI 0388 CU-UE-ID 1 in-sync PH 48 dB PCMAX 20 dBm, average RSRP -44 (16 meas)
UE 0388: dlsch_rounds 42/0/0/0, dlsch_errors 0, pucch0_DTX 0, BLER 0.00382 MCS (0) 0 CCE fail 2
UE 0388: ulsch_rounds 289/0/0/0, ulsch_errors 0, ulsch_DTX 0, BLER 0.00000 MCS (0) 0 (Qm 2 deltaMCS 0 dB) NPRB 5  SNR 50.5 dB CCE fail 0
UE 0388: MAC:    TX           1280 RX           6257 bytes
UE 0388: LCID 1: TX            541 RX            284 bytes
UE 0388: LCID 2: TX              0 RX              0 bytes
UE 0388: LCID 4: TX              6 RX            108 bytes

[0m[NR_MAC]   Frame.Slot 128.0
UE RNTI 0388 CU-UE-ID 1 in-sync PH 48 dB PCMAX 20 dBm, average RSRP -44 (16 meas)
UE 0388: dlsch_rounds 43/0/0/0, dlsch_errors 0, pucch0_DTX 0, BLER 0.00343 MCS (0) 0 CCE fail 2
UE 0388: ulsch_rounds 302/0/0/0, ulsch_errors 0, ulsch_DTX 0, BLER 0.00000 MCS (0) 0 (Qm 2 deltaMCS 0 dB) NPRB 5  SNR 50.5 dB CCE fail 0
UE 0388: MAC:    TX           1301 RX           6517 bytes
UE 0388: LCID 1: TX            541 RX            284 bytes
UE 0388: LCID 2: TX              0 RX              0 bytes
UE 0388: LCID 4: TX              6 RX            108 bytes

[0m[NR_MAC]   Frame.Slot 256.0
UE RNTI 0388 CU-UE-ID 1 in-sync PH 48 dB PCMAX 20 dBm, average RSRP -44 (16 meas)
UE 0388: dlsch_rounds 44/0/0/0, dlsch_errors 0, pucch0_DTX 0, BLER 0.00309 MCS (0) 0 CCE fail 2
UE 0388: ulsch_rounds 315/0/0/0, ulsch_errors 0, ulsch_DTX 0, BLER 0.00000 MCS (0) 0 (Qm 2 deltaMCS 0 dB) NPRB 5  SNR 50.5 dB CCE fail 0
UE 0388: MAC:    TX           1322 RX           6777 bytes
UE 0388: LCID 1: TX            541 RX            284 bytes
UE 0388: LCID 2: TX              0 RX              0 bytes
UE 0388: LCID 4: TX              6 RX            108 bytes

[0m[NR_MAC]   Frame.Slot 384.0
UE RNTI 0388 CU-UE-ID 1 in-sync PH 48 dB PCMAX 20 dBm, average RSRP -44 (16 meas)
UE 0388: dlsch_rounds 46/0/0/0, dlsch_errors 0, pucch0_DTX 0, BLER 0.00250 MCS (0) 0 CCE fail 2
UE 0388: ulsch_rounds 328/0/0/0, ulsch_errors 0, ulsch_DTX 0, BLER 0.00000 MCS (0) 0 (Qm 2 deltaMCS 0 dB) NPRB 5  SNR 50.5 dB CCE fail 0
UE 0388: MAC:    TX           1364 RX           7037 bytes
UE 0388: LCID 1: TX            541 RX            284 bytes
UE 0388: LCID 2: TX              0 RX              0 bytes
UE 0388: LCID 4: TX              6 RX            108 bytes

[0m[NR_MAC]   Frame.Slot 512.0
UE RNTI 0388 CU-UE-ID 1 in-sync PH 48 dB PCMAX 20 dBm, average RSRP -44 (16 meas)
UE 0388: dlsch_rounds 47/0/0/0, dlsch_errors 0, pucch0_DTX 0, BLER 0.00225 MCS (0) 0 CCE fail 2
UE 0388: ulsch_rounds 340/0/0/0, ulsch_errors 0, ulsch_DTX 0, BLER 0.00000 MCS (0) 0 (Qm 2 deltaMCS 0 dB) NPRB 5  SNR 50.5 dB CCE fail 0
UE 0388: MAC:    TX           1385 RX           7277 bytes
UE 0388: LCID 1: TX            541 RX            284 bytes
UE 0388: LCID 2: TX              0 RX              0 bytes
UE 0388: LCID 4: TX              6 RX            108 bytes

[0m[NR_MAC]   Frame.Slot 640.0
UE RNTI 0388 CU-UE-ID 1 in-sync PH 48 dB PCMAX 20 dBm, average RSRP -44 (16 meas)
UE 0388: dlsch_rounds 48/0/0/0, dlsch_errors 0, pucch0_DTX 0, BLER 0.00203 MCS (0) 0 CCE fail 2
UE 0388: ulsch_rounds 353/0/0/0, ulsch_errors 0, ulsch_DTX 0, BLER 0.00000 MCS (0) 0 (Qm 2 deltaMCS 0 dB) NPRB 5  SNR 50.5 dB CCE fail 0
UE 0388: MAC:    TX           1406 RX           7537 bytes
UE 0388: LCID 1: TX            541 RX            284 bytes
UE 0388: LCID 2: TX              0 RX              0 bytes
UE 0388: LCID 4: TX              6 RX            108 bytes

[0m[NR_MAC]   Frame.Slot 768.0
UE RNTI 0388 CU-UE-ID 1 in-sync PH 48 dB PCMAX 20 dBm, average RSRP -44 (16 meas)
UE 0388: dlsch_rounds 49/0/0/0, dlsch_errors 0, pucch0_DTX 0, BLER 0.00182 MCS (0) 0 CCE fail 2
UE 0388: ulsch_rounds 366/0/0/0, ulsch_errors 0, ulsch_DTX 0, BLER 0.00000 MCS (0) 0 (Qm 2 deltaMCS 0 dB) NPRB 5  SNR 50.5 dB CCE fail 0
UE 0388: MAC:    TX           1427 RX           7797 bytes
UE 0388: LCID 1: TX            541 RX            284 bytes
UE 0388: LCID 2: TX              0 RX              0 bytes
UE 0388: LCID 4: TX              6 RX            108 bytes

[0m[NR_MAC]   Frame.Slot 896.0
UE RNTI 0388 CU-UE-ID 1 in-sync PH 48 dB PCMAX 20 dBm, average RSRP -44 (16 meas)
UE 0388: dlsch_rounds 51/0/0/0, dlsch_errors 0, pucch0_DTX 0, BLER 0.00148 MCS (0) 0 CCE fail 2
UE 0388: ulsch_rounds 379/0/0/0, ulsch_errors 0, ulsch_DTX 0, BLER 0.00000 MCS (0) 0 (Qm 2 deltaMCS 0 dB) NPRB 5  SNR 50.5 dB CCE fail 0
UE 0388: MAC:    TX           1469 RX           8057 bytes
UE 0388: LCID 1: TX            541 RX            284 bytes
UE 0388: LCID 2: TX              0 RX              0 bytes
UE 0388: LCID 4: TX              6 RX            108 bytes

[0m[NR_MAC]   Frame.Slot 0.0
UE RNTI 0388 CU-UE-ID 1 in-sync PH 48 dB PCMAX 20 dBm, average RSRP -44 (16 meas)
UE 0388: dlsch_rounds 52/0/0/0, dlsch_errors 0, pucch0_DTX 0, BLER 0.00133 MCS (0) 0 CCE fail 2
UE 0388: ulsch_rounds 392/0/0/0, ulsch_errors 0, ulsch_DTX 0, BLER 0.00000 MCS (0) 0 (Qm 2 deltaMCS 0 dB) NPRB 5  SNR 50.5 dB CCE fail 0
UE 0388: MAC:    TX           1490 RX           8317 bytes
UE 0388: LCID 1: TX            541 RX            284 bytes
UE 0388: LCID 2: TX              0 RX              0 bytes
UE 0388: LCID 4: TX              6 RX            108 bytes

[0m[NR_MAC]   Frame.Slot 128.0
UE RNTI 0388 CU-UE-ID 1 in-sync PH 48 dB PCMAX 20 dBm, average RSRP -44 (16 meas)
UE 0388: dlsch_rounds 53/0/0/0, dlsch_errors 0, pucch0_DTX 0, BLER 0.00120 MCS (0) 0 CCE fail 2
UE 0388: ulsch_rounds 404/0/0/0, ulsch_errors 0, ulsch_DTX 0, BLER 0.00000 MCS (0) 0 (Qm 2 deltaMCS 0 dB) NPRB 5  SNR 50.5 dB CCE fail 0
UE 0388: MAC:    TX           1511 RX           8557 bytes
UE 0388: LCID 1: TX            541 RX            284 bytes
UE 0388: LCID 2: TX              0 RX              0 bytes
UE 0388: LCID 4: TX              6 RX            108 bytes

[0m[NR_MAC]   Frame.Slot 256.0
UE RNTI 0388 CU-UE-ID 1 in-sync PH 48 dB PCMAX 20 dBm, average RSRP -44 (16 meas)
UE 0388: dlsch_rounds 55/0/0/0, dlsch_errors 0, pucch0_DTX 0, BLER 0.00097 MCS (0) 0 CCE fail 2
UE 0388: ulsch_rounds 417/0/0/0, ulsch_errors 0, ulsch_DTX 0, BLER 0.00000 MCS (0) 0 (Qm 2 deltaMCS 0 dB) NPRB 5  SNR 50.5 dB CCE fail 0
UE 0388: MAC:    TX           1553 RX           8817 bytes
UE 0388: LCID 1: TX            541 RX            284 bytes
UE 0388: LCID 2: TX              0 RX              0 bytes
UE 0388: LCID 4: TX              6 RX            108 bytes

[0m[NR_MAC]   Frame.Slot 384.0
UE RNTI 0388 CU-UE-ID 1 in-sync PH 48 dB PCMAX 20 dBm, average RSRP -44 (16 meas)
UE 0388: dlsch_rounds 56/0/0/0, dlsch_errors 0, pucch0_DTX 0, BLER 0.00087 MCS (0) 0 CCE fail 2
UE 0388: ulsch_rounds 430/0/0/0, ulsch_errors 0, ulsch_DTX 0, BLER 0.00000 MCS (0) 0 (Qm 2 deltaMCS 0 dB) NPRB 5  SNR 50.5 dB CCE fail 0
UE 0388: MAC:    TX           1574 RX           9077 bytes
UE 0388: LCID 1: TX            541 RX            284 bytes
UE 0388: LCID 2: TX              0 RX              0 bytes
UE 0388: LCID 4: TX              6 RX            108 bytes

[0m[NR_MAC]   Frame.Slot 512.0
UE RNTI 0388 CU-UE-ID 1 in-sync PH 48 dB PCMAX 20 dBm, average RSRP -44 (16 meas)
UE 0388: dlsch_rounds 57/0/0/0, dlsch_errors 0, pucch0_DTX 0, BLER 0.00079 MCS (0) 0 CCE fail 2
UE 0388: ulsch_rounds 443/0/0/0, ulsch_errors 0, ulsch_DTX 0, BLER 0.00000 MCS (0) 0 (Qm 2 deltaMCS 0 dB) NPRB 5  SNR 50.5 dB CCE fail 0
UE 0388: MAC:    TX           1595 RX           9337 bytes
UE 0388: LCID 1: TX            541 RX            284 bytes
UE 0388: LCID 2: TX              0 RX              0 bytes
UE 0388: LCID 4: TX              6 RX            108 bytes

[0m[NR_MAC]   Frame.Slot 640.0
UE RNTI 0388 CU-UE-ID 1 in-sync PH 48 dB PCMAX 20 dBm, average RSRP -44 (16 meas)
UE 0388: dlsch_rounds 58/0/0/0, dlsch_errors 0, pucch0_DTX 0, BLER 0.00071 MCS (0) 0 CCE fail 2
UE 0388: ulsch_rounds 456/0/0/0, ulsch_errors 0, ulsch_DTX 0, BLER 0.00000 MCS (0) 0 (Qm 2 deltaMCS 0 dB) NPRB 5  SNR 50.5 dB CCE fail 0
UE 0388: MAC:    TX           1616 RX           9597 bytes
UE 0388: LCID 1: TX            541 RX            284 bytes
UE 0388: LCID 2: TX              0 RX              0 bytes
UE 0388: LCID 4: TX              6 RX            108 bytes

[0m[NR_MAC]   Frame.Slot 768.0
UE RNTI 0388 CU-UE-ID 1 in-sync PH 48 dB PCMAX 20 dBm, average RSRP -44 (16 meas)
UE 0388: dlsch_rounds 60/0/0/0, dlsch_errors 0, pucch0_DTX 0, BLER 0.00057 MCS (0) 0 CCE fail 2
UE 0388: ulsch_rounds 468/0/0/0, ulsch_errors 0, ulsch_DTX 0, BLER 0.00000 MCS (0) 0 (Qm 2 deltaMCS 0 dB) NPRB 5  SNR 50.5 dB CCE fail 0
UE 0388: MAC:    TX           1658 RX           9837 bytes
UE 0388: LCID 1: TX            541 RX            284 bytes
UE 0388: LCID 2: TX              0 RX              0 bytes
UE 0388: LCID 4: TX              6 RX            108 bytes

[0m[NR_MAC]   Frame.Slot 896.0
UE RNTI 0388 CU-UE-ID 1 in-sync PH 48 dB PCMAX 20 dBm, average RSRP -44 (16 meas)
UE 0388: dlsch_rounds 61/0/0/0, dlsch_errors 0, pucch0_DTX 0, BLER 0.00052 MCS (0) 0 CCE fail 2
UE 0388: ulsch_rounds 481/0/0/0, ulsch_errors 0, ulsch_DTX 0, BLER 0.00000 MCS (0) 0 (Qm 2 deltaMCS 0 dB) NPRB 5  SNR 50.5 dB CCE fail 0
UE 0388: MAC:    TX           1679 RX          10097 bytes
UE 0388: LCID 1: TX            541 RX            284 bytes
UE 0388: LCID 2: TX              0 RX              0 bytes
UE 0388: LCID 4: TX              6 RX            108 bytes

[0m[NR_MAC]   Frame.Slot 0.0
UE RNTI 0388 CU-UE-ID 1 in-sync PH 48 dB PCMAX 20 dBm, average RSRP -44 (16 meas)
UE 0388: dlsch_rounds 62/0/0/0, dlsch_errors 0, pucch0_DTX 0, BLER 0.00046 MCS (0) 0 CCE fail 2
UE 0388: ulsch_rounds 494/0/0/0, ulsch_errors 0, ulsch_DTX 0, BLER 0.00000 MCS (0) 0 (Qm 2 deltaMCS 0 dB) NPRB 5  SNR 50.5 dB CCE fail 0
UE 0388: MAC:    TX           1700 RX          10357 bytes
UE 0388: LCID 1: TX            541 RX            284 bytes
UE 0388: LCID 2: TX              0 RX              0 bytes
UE 0388: LCID 4: TX              6 RX            108 bytes

[0m[NR_MAC]   Frame.Slot 128.0
UE RNTI 0388 CU-UE-ID 1 in-sync PH 48 dB PCMAX 20 dBm, average RSRP -44 (16 meas)
UE 0388: dlsch_rounds 63/0/0/0, dlsch_errors 0, pucch0_DTX 0, BLER 0.00042 MCS (0) 0 CCE fail 2
UE 0388: ulsch_rounds 507/0/0/0, ulsch_errors 0, ulsch_DTX 0, BLER 0.00000 MCS (0) 0 (Qm 2 deltaMCS 0 dB) NPRB 5  SNR 50.5 dB CCE fail 0
UE 0388: MAC:    TX           1721 RX          10617 bytes
UE 0388: LCID 1: TX            541 RX            284 bytes
UE 0388: LCID 2: TX              0 RX              0 bytes
UE 0388: LCID 4: TX              6 RX            108 bytes

[0m[NR_MAC]   Frame.Slot 256.0
UE RNTI 0388 CU-UE-ID 1 in-sync PH 48 dB PCMAX 20 dBm, average RSRP -44 (16 meas)
UE 0388: dlsch_rounds 65/0/0/0, dlsch_errors 0, pucch0_DTX 0, BLER 0.00034 MCS (0) 0 CCE fail 2
UE 0388: ulsch_rounds 520/0/0/0, ulsch_errors 0, ulsch_DTX 0, BLER 0.00000 MCS (0) 0 (Qm 2 deltaMCS 0 dB) NPRB 5  SNR 50.5 dB CCE fail 0
UE 0388: MAC:    TX           1763 RX          10877 bytes
UE 0388: LCID 1: TX            541 RX            284 bytes
UE 0388: LCID 2: TX              0 RX              0 bytes
UE 0388: LCID 4: TX              6 RX            108 bytes

[0m[NR_MAC]   Frame.Slot 384.0
UE RNTI 0388 CU-UE-ID 1 in-sync PH 48 dB PCMAX 20 dBm, average RSRP -44 (16 meas)
UE 0388: dlsch_rounds 66/0/0/0, dlsch_errors 0, pucch0_DTX 0, BLER 0.00030 MCS (0) 0 CCE fail 2
UE 0388: ulsch_rounds 532/0/0/0, ulsch_errors 0, ulsch_DTX 0, BLER 0.00000 MCS (0) 0 (Qm 2 deltaMCS 0 dB) NPRB 5  SNR 50.5 dB CCE fail 0
UE 0388: MAC:    TX           1784 RX          11117 bytes
UE 0388: LCID 1: TX            541 RX            284 bytes
UE 0388: LCID 2: TX              0 RX              0 bytes
UE 0388: LCID 4: TX              6 RX            108 bytes

[0m[NR_MAC]   Frame.Slot 512.0
UE RNTI 0388 CU-UE-ID 1 in-sync PH 48 dB PCMAX 20 dBm, average RSRP -44 (16 meas)
UE 0388: dlsch_rounds 67/0/0/0, dlsch_errors 0, pucch0_DTX 0, BLER 0.00027 MCS (0) 0 CCE fail 2
UE 0388: ulsch_rounds 545/0/0/0, ulsch_errors 0, ulsch_DTX 0, BLER 0.00000 MCS (0) 0 (Qm 2 deltaMCS 0 dB) NPRB 5  SNR 50.5 dB CCE fail 0
UE 0388: MAC:    TX           1805 RX          11377 bytes
UE 0388: LCID 1: TX            541 RX            284 bytes
UE 0388: LCID 2: TX              0 RX              0 bytes
UE 0388: LCID 4: TX              6 RX            108 bytes

[0m[NR_MAC]   Frame.Slot 640.0
UE RNTI 0388 CU-UE-ID 1 in-sync PH 48 dB PCMAX 20 dBm, average RSRP -44 (16 meas)
UE 0388: dlsch_rounds 69/0/0/0, dlsch_errors 0, pucch0_DTX 0, BLER 0.00022 MCS (0) 0 CCE fail 2
UE 0388: ulsch_rounds 558/0/0/0, ulsch_errors 0, ulsch_DTX 0, BLER 0.00000 MCS (0) 0 (Qm 2 deltaMCS 0 dB) NPRB 5  SNR 50.5 dB CCE fail 0
UE 0388: MAC:    TX           1847 RX          11637 bytes
UE 0388: LCID 1: TX            541 RX            284 bytes
UE 0388: LCID 2: TX              0 RX              0 bytes
UE 0388: LCID 4: TX              6 RX            108 bytes

[0m[NR_MAC]   Frame.Slot 768.0
UE RNTI 0388 CU-UE-ID 1 in-sync PH 48 dB PCMAX 20 dBm, average RSRP -44 (16 meas)
UE 0388: dlsch_rounds 71/0/0/0, dlsch_errors 0, pucch0_DTX 0, BLER 0.00018 MCS (0) 0 CCE fail 2
UE 0388: ulsch_rounds 577/0/0/0, ulsch_errors 0, ulsch_DTX 0, BLER 0.00000 MCS (0) 0 (Qm 2 deltaMCS 0 dB) NPRB 5  SNR 50.5 dB CCE fail 0
UE 0388: MAC:    TX           1883 RX          12143 bytes
UE 0388: LCID 1: TX            541 RX            284 bytes
UE 0388: LCID 2: TX              0 RX              0 bytes
UE 0388: LCID 4: TX              9 RX            162 bytes

[0m[NR_MAC]   Frame.Slot 896.0
UE RNTI 0388 CU-UE-ID 1 in-sync PH 48 dB PCMAX 20 dBm, average RSRP -44 (16 meas)
UE 0388: dlsch_rounds 72/0/0/0, dlsch_errors 0, pucch0_DTX 0, BLER 0.00016 MCS (0) 0 CCE fail 2
UE 0388: ulsch_rounds 589/0/0/0, ulsch_errors 0, ulsch_DTX 0, BLER 0.00000 MCS (0) 0 (Qm 2 deltaMCS 0 dB) NPRB 5  SNR 50.5 dB CCE fail 0
UE 0388: MAC:    TX           1904 RX          12383 bytes
UE 0388: LCID 1: TX            541 RX            284 bytes
UE 0388: LCID 2: TX              0 RX              0 bytes
UE 0388: LCID 4: TX              9 RX            162 bytes

[0m[NR_MAC]   Frame.Slot 0.0
UE RNTI 0388 CU-UE-ID 1 in-sync PH 48 dB PCMAX 20 dBm, average RSRP -44 (16 meas)
UE 0388: dlsch_rounds 73/0/0/0, dlsch_errors 0, pucch0_DTX 0, BLER 0.00015 MCS (0) 0 CCE fail 2
UE 0388: ulsch_rounds 602/0/0/0, ulsch_errors 0, ulsch_DTX 0, BLER 0.00000 MCS (0) 0 (Qm 2 deltaMCS 0 dB) NPRB 5  SNR 50.5 dB CCE fail 0
UE 0388: MAC:    TX           1925 RX          12643 bytes
UE 0388: LCID 1: TX            541 RX            284 bytes
UE 0388: LCID 2: TX              0 RX              0 bytes
UE 0388: LCID 4: TX              9 RX            162 bytes

[0m[NR_MAC]   Frame.Slot 128.0
UE RNTI 0388 CU-UE-ID 1 in-sync PH 48 dB PCMAX 20 dBm, average RSRP -44 (16 meas)
UE 0388: dlsch_rounds 75/0/0/0, dlsch_errors 0, pucch0_DTX 0, BLER 0.00012 MCS (0) 0 CCE fail 2
UE 0388: ulsch_rounds 615/0/0/0, ulsch_errors 0, ulsch_DTX 0, BLER 0.00000 MCS (0) 0 (Qm 2 deltaMCS 0 dB) NPRB 5  SNR 50.5 dB CCE fail 0
UE 0388: MAC:    TX           1967 RX          12903 bytes
UE 0388: LCID 1: TX            541 RX            284 bytes
UE 0388: LCID 2: TX              0 RX              0 bytes
UE 0388: LCID 4: TX              9 RX            162 bytes

[0m[NR_MAC]   Frame.Slot 256.0
UE RNTI 0388 CU-UE-ID 1 in-sync PH 48 dB PCMAX 20 dBm, average RSRP -44 (16 meas)
UE 0388: dlsch_rounds 76/0/0/0, dlsch_errors 0, pucch0_DTX 0, BLER 0.00011 MCS (0) 0 CCE fail 2
UE 0388: ulsch_rounds 628/0/0/0, ulsch_errors 0, ulsch_DTX 0, BLER 0.00000 MCS (0) 0 (Qm 2 deltaMCS 0 dB) NPRB 5  SNR 50.5 dB CCE fail 0
UE 0388: MAC:    TX           1988 RX          13163 bytes
UE 0388: LCID 1: TX            541 RX            284 bytes
UE 0388: LCID 2: TX              0 RX              0 bytes
UE 0388: LCID 4: TX              9 RX            162 bytes

[0m[NR_MAC]   Frame.Slot 384.0
UE RNTI 0388 CU-UE-ID 1 in-sync PH 48 dB PCMAX 20 dBm, average RSRP -44 (16 meas)
UE 0388: dlsch_rounds 77/0/0/0, dlsch_errors 0, pucch0_DTX 0, BLER 0.00010 MCS (0) 0 CCE fail 2
UE 0388: ulsch_rounds 641/0/0/0, ulsch_errors 0, ulsch_DTX 0, BLER 0.00000 MCS (0) 0 (Qm 2 deltaMCS 0 dB) NPRB 5  SNR 50.5 dB CCE fail 0
UE 0388: MAC:    TX           2009 RX          13423 bytes
UE 0388: LCID 1: TX            541 RX            284 bytes
UE 0388: LCID 2: TX              0 RX              0 bytes
UE 0388: LCID 4: TX              9 RX            162 bytes

[0m[NR_MAC]   Frame.Slot 512.0
UE RNTI 0388 CU-UE-ID 1 in-sync PH 48 dB PCMAX 20 dBm, average RSRP -44 (16 meas)
UE 0388: dlsch_rounds 79/0/0/0, dlsch_errors 0, pucch0_DTX 0, BLER 0.00008 MCS (0) 0 CCE fail 2
UE 0388: ulsch_rounds 653/0/0/0, ulsch_errors 0, ulsch_DTX 0, BLER 0.00000 MCS (0) 0 (Qm 2 deltaMCS 0 dB) NPRB 5  SNR 50.5 dB CCE fail 0
UE 0388: MAC:    TX           2051 RX          13663 bytes
UE 0388: LCID 1: TX            541 RX            284 bytes
UE 0388: LCID 2: TX              0 RX              0 bytes
UE 0388: LCID 4: TX              9 RX            162 bytes

[0m[NR_MAC]   Frame.Slot 640.0
UE RNTI 0388 CU-UE-ID 1 in-sync PH 48 dB PCMAX 20 dBm, average RSRP -44 (16 meas)
UE 0388: dlsch_rounds 80/0/0/0, dlsch_errors 0, pucch0_DTX 0, BLER 0.00007 MCS (0) 0 CCE fail 2
UE 0388: ulsch_rounds 666/0/0/0, ulsch_errors 0, ulsch_DTX 0, BLER 0.00000 MCS (0) 0 (Qm 2 deltaMCS 0 dB) NPRB 5  SNR 50.5 dB CCE fail 0
UE 0388: MAC:    TX           2072 RX          13923 bytes
UE 0388: LCID 1: TX            541 RX            284 bytes
UE 0388: LCID 2: TX              0 RX              0 bytes
UE 0388: LCID 4: TX              9 RX            162 bytes

[0m[NR_MAC]   Frame.Slot 768.0
UE RNTI 0388 CU-UE-ID 1 in-sync PH 48 dB PCMAX 20 dBm, average RSRP -44 (16 meas)
UE 0388: dlsch_rounds 81/0/0/0, dlsch_errors 0, pucch0_DTX 0, BLER 0.00006 MCS (0) 0 CCE fail 2
UE 0388: ulsch_rounds 679/0/0/0, ulsch_errors 0, ulsch_DTX 0, BLER 0.00000 MCS (0) 0 (Qm 2 deltaMCS 0 dB) NPRB 5  SNR 50.5 dB CCE fail 0
UE 0388: MAC:    TX           2093 RX          14183 bytes
UE 0388: LCID 1: TX            541 RX            284 bytes
UE 0388: LCID 2: TX              0 RX              0 bytes
UE 0388: LCID 4: TX              9 RX            162 bytes

[0m[NR_MAC]   Frame.Slot 896.0
UE RNTI 0388 CU-UE-ID 1 in-sync PH 48 dB PCMAX 20 dBm, average RSRP -44 (16 meas)
UE 0388: dlsch_rounds 82/0/0/0, dlsch_errors 0, pucch0_DTX 0, BLER 0.00006 MCS (0) 0 CCE fail 2
UE 0388: ulsch_rounds 692/0/0/0, ulsch_errors 0, ulsch_DTX 0, BLER 0.00000 MCS (0) 0 (Qm 2 deltaMCS 0 dB) NPRB 5  SNR 50.5 dB CCE fail 0
UE 0388: MAC:    TX           2114 RX          14443 bytes
UE 0388: LCID 1: TX            541 RX            284 bytes
UE 0388: LCID 2: TX              0 RX              0 bytes
UE 0388: LCID 4: TX              9 RX            162 bytes

[0m[NR_MAC]   Frame.Slot 0.0
UE RNTI 0388 CU-UE-ID 1 in-sync PH 48 dB PCMAX 20 dBm, average RSRP -44 (16 meas)
UE 0388: dlsch_rounds 84/0/0/0, dlsch_errors 0, pucch0_DTX 0, BLER 0.00005 MCS (0) 0 CCE fail 2
UE 0388: ulsch_rounds 705/0/0/0, ulsch_errors 0, ulsch_DTX 0, BLER 0.00000 MCS (0) 0 (Qm 2 deltaMCS 0 dB) NPRB 5  SNR 50.5 dB CCE fail 0
UE 0388: MAC:    TX           2156 RX          14703 bytes
UE 0388: LCID 1: TX            541 RX            284 bytes
UE 0388: LCID 2: TX              0 RX              0 bytes
UE 0388: LCID 4: TX              9 RX            162 bytes

[0m[NR_MAC]   Frame.Slot 128.0
UE RNTI 0388 CU-UE-ID 1 in-sync PH 48 dB PCMAX 20 dBm, average RSRP -44 (16 meas)
UE 0388: dlsch_rounds 85/0/0/0, dlsch_errors 0, pucch0_DTX 0, BLER 0.00004 MCS (0) 0 CCE fail 2
UE 0388: ulsch_rounds 717/0/0/0, ulsch_errors 0, ulsch_DTX 0, BLER 0.00000 MCS (0) 0 (Qm 2 deltaMCS 0 dB) NPRB 5  SNR 50.5 dB CCE fail 0
UE 0388: MAC:    TX           2177 RX          14943 bytes
UE 0388: LCID 1: TX            541 RX            284 bytes
UE 0388: LCID 2: TX              0 RX              0 bytes
UE 0388: LCID 4: TX              9 RX            162 bytes

[0m[NR_MAC]   Frame.Slot 256.0
UE RNTI 0388 CU-UE-ID 1 in-sync PH 48 dB PCMAX 20 dBm, average RSRP -44 (16 meas)
UE 0388: dlsch_rounds 86/0/0/0, dlsch_errors 0, pucch0_DTX 0, BLER 0.00004 MCS (0) 0 CCE fail 2
UE 0388: ulsch_rounds 730/0/0/0, ulsch_errors 0, ulsch_DTX 0, BLER 0.00000 MCS (0) 0 (Qm 2 deltaMCS 0 dB) NPRB 5  SNR 50.5 dB CCE fail 0
UE 0388: MAC:    TX           2198 RX          15203 bytes
UE 0388: LCID 1: TX            541 RX            284 bytes
UE 0388: LCID 2: TX              0 RX              0 bytes
UE 0388: LCID 4: TX              9 RX            162 bytes

[0m[NR_MAC]   Frame.Slot 384.0
UE RNTI 0388 CU-UE-ID 1 in-sync PH 48 dB PCMAX 20 dBm, average RSRP -44 (16 meas)
UE 0388: dlsch_rounds 88/0/0/0, dlsch_errors 0, pucch0_DTX 0, BLER 0.00003 MCS (0) 0 CCE fail 2
UE 0388: ulsch_rounds 743/0/0/0, ulsch_errors 0, ulsch_DTX 0, BLER 0.00000 MCS (0) 0 (Qm 2 deltaMCS 0 dB) NPRB 5  SNR 50.5 dB CCE fail 0
UE 0388: MAC:    TX           2240 RX          15463 bytes
UE 0388: LCID 1: TX            541 RX            284 bytes
UE 0388: LCID 2: TX              0 RX              0 bytes
UE 0388: LCID 4: TX              9 RX            162 bytes

[0m[NR_MAC]   Frame.Slot 512.0
UE RNTI 0388 CU-UE-ID 1 in-sync PH 48 dB PCMAX 20 dBm, average RSRP -44 (16 meas)
UE 0388: dlsch_rounds 89/0/0/0, dlsch_errors 0, pucch0_DTX 0, BLER 0.00003 MCS (0) 0 CCE fail 2
UE 0388: ulsch_rounds 756/0/0/0, ulsch_errors 0, ulsch_DTX 0, BLER 0.00000 MCS (0) 0 (Qm 2 deltaMCS 0 dB) NPRB 5  SNR 50.5 dB CCE fail 0
UE 0388: MAC:    TX           2261 RX          15723 bytes
UE 0388: LCID 1: TX            541 RX            284 bytes
UE 0388: LCID 2: TX              0 RX              0 bytes
UE 0388: LCID 4: TX              9 RX            162 bytes

[0m[NR_MAC]   Frame.Slot 640.0
UE RNTI 0388 CU-UE-ID 1 in-sync PH 48 dB PCMAX 20 dBm, average RSRP -44 (16 meas)
UE 0388: dlsch_rounds 90/0/0/0, dlsch_errors 0, pucch0_DTX 0, BLER 0.00002 MCS (0) 0 CCE fail 2
UE 0388: ulsch_rounds 769/0/0/0, ulsch_errors 0, ulsch_DTX 0, BLER 0.00000 MCS (0) 0 (Qm 2 deltaMCS 0 dB) NPRB 5  SNR 50.5 dB CCE fail 0
UE 0388: MAC:    TX           2282 RX          15983 bytes
UE 0388: LCID 1: TX            541 RX            284 bytes
UE 0388: LCID 2: TX              0 RX              0 bytes
UE 0388: LCID 4: TX              9 RX            162 bytes

[0m[NR_MAC]   Frame.Slot 768.0
UE RNTI 0388 CU-UE-ID 1 in-sync PH 48 dB PCMAX 20 dBm, average RSRP -44 (16 meas)
UE 0388: dlsch_rounds 91/0/0/0, dlsch_errors 0, pucch0_DTX 0, BLER 0.00002 MCS (0) 0 CCE fail 2
UE 0388: ulsch_rounds 781/0/0/0, ulsch_errors 0, ulsch_DTX 0, BLER 0.00000 MCS (0) 0 (Qm 2 deltaMCS 0 dB) NPRB 5  SNR 50.5 dB CCE fail 0
UE 0388: MAC:    TX           2303 RX          16223 bytes
UE 0388: LCID 1: TX            541 RX            284 bytes
UE 0388: LCID 2: TX              0 RX              0 bytes
UE 0388: LCID 4: TX              9 RX            162 bytes

[0m[NR_MAC]   Frame.Slot 896.0
UE RNTI 0388 CU-UE-ID 1 in-sync PH 48 dB PCMAX 20 dBm, average RSRP -44 (16 meas)
UE 0388: dlsch_rounds 93/0/0/0, dlsch_errors 0, pucch0_DTX 0, BLER 0.00002 MCS (0) 0 CCE fail 2
UE 0388: ulsch_rounds 794/0/0/0, ulsch_errors 0, ulsch_DTX 0, BLER 0.00000 MCS (0) 0 (Qm 2 deltaMCS 0 dB) NPRB 5  SNR 50.5 dB CCE fail 0
UE 0388: MAC:    TX           2345 RX          16483 bytes
UE 0388: LCID 1: TX            541 RX            284 bytes
UE 0388: LCID 2: TX              0 RX              0 bytes
UE 0388: LCID 4: TX              9 RX            162 bytes

[0m[NR_MAC]   Frame.Slot 0.0
UE RNTI 0388 CU-UE-ID 1 in-sync PH 48 dB PCMAX 20 dBm, average RSRP -44 (16 meas)
UE 0388: dlsch_rounds 94/0/0/0, dlsch_errors 0, pucch0_DTX 0, BLER 0.00002 MCS (0) 0 CCE fail 2
UE 0388: ulsch_rounds 807/0/0/0, ulsch_errors 0, ulsch_DTX 0, BLER 0.00000 MCS (0) 0 (Qm 2 deltaMCS 0 dB) NPRB 5  SNR 50.5 dB CCE fail 0
UE 0388: MAC:    TX           2366 RX          16743 bytes
UE 0388: LCID 1: TX            541 RX            284 bytes
UE 0388: LCID 2: TX              0 RX              0 bytes
UE 0388: LCID 4: TX              9 RX            162 bytes

[0m[NR_MAC]   Frame.Slot 128.0
UE RNTI 0388 CU-UE-ID 1 in-sync PH 48 dB PCMAX 20 dBm, average RSRP -44 (16 meas)
UE 0388: dlsch_rounds 95/0/0/0, dlsch_errors 0, pucch0_DTX 0, BLER 0.00001 MCS (0) 0 CCE fail 2
UE 0388: ulsch_rounds 820/0/0/0, ulsch_errors 0, ulsch_DTX 0, BLER 0.00000 MCS (0) 0 (Qm 2 deltaMCS 0 dB) NPRB 5  SNR 50.5 dB CCE fail 0
UE 0388: MAC:    TX           2387 RX          17003 bytes
UE 0388: LCID 1: TX            541 RX            284 bytes
UE 0388: LCID 2: TX              0 RX              0 bytes
UE 0388: LCID 4: TX              9 RX            162 bytes

[0m[NR_MAC]   Frame.Slot 256.0
UE RNTI 0388 CU-UE-ID 1 in-sync PH 48 dB PCMAX 20 dBm, average RSRP -44 (16 meas)
UE 0388: dlsch_rounds 96/0/0/0, dlsch_errors 0, pucch0_DTX 0, BLER 0.00001 MCS (0) 0 CCE fail 2
UE 0388: ulsch_rounds 833/0/0/0, ulsch_errors 0, ulsch_DTX 0, BLER 0.00000 MCS (0) 0 (Qm 2 deltaMCS 0 dB) NPRB 5  SNR 50.5 dB CCE fail 0
UE 0388: MAC:    TX           2408 RX          17263 bytes
UE 0388: LCID 1: TX            541 RX            284 bytes
UE 0388: LCID 2: TX              0 RX              0 bytes
UE 0388: LCID 4: TX              9 RX            162 bytes

[0m[NR_MAC]   Frame.Slot 384.0
UE RNTI 0388 CU-UE-ID 1 in-sync PH 48 dB PCMAX 20 dBm, average RSRP -44 (16 meas)
UE 0388: dlsch_rounds 98/0/0/0, dlsch_errors 0, pucch0_DTX 0, BLER 0.00001 MCS (0) 0 CCE fail 2
UE 0388: ulsch_rounds 845/0/0/0, ulsch_errors 0, ulsch_DTX 0, BLER 0.00000 MCS (0) 0 (Qm 2 deltaMCS 0 dB) NPRB 5  SNR 50.5 dB CCE fail 0
UE 0388: MAC:    TX           2450 RX          17503 bytes
UE 0388: LCID 1: TX            541 RX            284 bytes
UE 0388: LCID 2: TX              0 RX              0 bytes
UE 0388: LCID 4: TX              9 RX            162 bytes

[0m[NR_MAC]   Frame.Slot 512.0
UE RNTI 0388 CU-UE-ID 1 in-sync PH 48 dB PCMAX 20 dBm, average RSRP -44 (16 meas)
UE 0388: dlsch_rounds 99/0/0/0, dlsch_errors 0, pucch0_DTX 0, BLER 0.00001 MCS (0) 0 CCE fail 2
UE 0388: ulsch_rounds 858/0/0/0, ulsch_errors 0, ulsch_DTX 0, BLER 0.00000 MCS (0) 0 (Qm 2 deltaMCS 0 dB) NPRB 5  SNR 50.5 dB CCE fail 0
UE 0388: MAC:    TX           2471 RX          17763 bytes
UE 0388: LCID 1: TX            541 RX            284 bytes
UE 0388: LCID 2: TX              0 RX              0 bytes
UE 0388: LCID 4: TX              9 RX            162 bytes

[0m[NR_MAC]   Frame.Slot 640.0
UE RNTI 0388 CU-UE-ID 1 in-sync PH 48 dB PCMAX 20 dBm, average RSRP -44 (16 meas)
UE 0388: dlsch_rounds 100/0/0/0, dlsch_errors 0, pucch0_DTX 0, BLER 0.00001 MCS (0) 0 CCE fail 2
UE 0388: ulsch_rounds 871/0/0/0, ulsch_errors 0, ulsch_DTX 0, BLER 0.00000 MCS (0) 0 (Qm 2 deltaMCS 0 dB) NPRB 5  SNR 50.5 dB CCE fail 0
UE 0388: MAC:    TX           2492 RX          18023 bytes
UE 0388: LCID 1: TX            541 RX            284 bytes
UE 0388: LCID 2: TX              0 RX              0 bytes
UE 0388: LCID 4: TX              9 RX            162 bytes

[0m[NR_MAC]   Frame.Slot 768.0
UE RNTI 0388 CU-UE-ID 1 in-sync PH 48 dB PCMAX 20 dBm, average RSRP -44 (16 meas)
UE 0388: dlsch_rounds 102/0/0/0, dlsch_errors 0, pucch0_DTX 0, BLER 0.00001 MCS (0) 0 CCE fail 2
UE 0388: ulsch_rounds 884/0/0/0, ulsch_errors 0, ulsch_DTX 0, BLER 0.00000 MCS (0) 0 (Qm 2 deltaMCS 0 dB) NPRB 5  SNR 50.5 dB CCE fail 0
UE 0388: MAC:    TX           2534 RX          18283 bytes
UE 0388: LCID 1: TX            541 RX            284 bytes
UE 0388: LCID 2: TX              0 RX              0 bytes
UE 0388: LCID 4: TX              9 RX            162 bytes

[0m[NR_MAC]   Frame.Slot 896.0
UE RNTI 0388 CU-UE-ID 1 in-sync PH 48 dB PCMAX 20 dBm, average RSRP -44 (16 meas)
UE 0388: dlsch_rounds 103/0/0/0, dlsch_errors 0, pucch0_DTX 0, BLER 0.00001 MCS (0) 0 CCE fail 2
UE 0388: ulsch_rounds 897/0/0/0, ulsch_errors 0, ulsch_DTX 0, BLER 0.00000 MCS (0) 0 (Qm 2 deltaMCS 0 dB) NPRB 5  SNR 50.5 dB CCE fail 0
UE 0388: MAC:    TX           2555 RX          18543 bytes
UE 0388: LCID 1: TX            541 RX            284 bytes
UE 0388: LCID 2: TX              0 RX              0 bytes
UE 0388: LCID 4: TX              9 RX            162 bytes

[0m[NR_MAC]   Frame.Slot 0.0
UE RNTI 0388 CU-UE-ID 1 in-sync PH 48 dB PCMAX 20 dBm, average RSRP -44 (16 meas)
UE 0388: dlsch_rounds 104/0/0/0, dlsch_errors 0, pucch0_DTX 0, BLER 0.00001 MCS (0) 0 CCE fail 2
UE 0388: ulsch_rounds 909/0/0/0, ulsch_errors 0, ulsch_DTX 0, BLER 0.00000 MCS (0) 0 (Qm 2 deltaMCS 0 dB) NPRB 5  SNR 50.5 dB CCE fail 0
UE 0388: MAC:    TX           2576 RX          18783 bytes
UE 0388: LCID 1: TX            541 RX            284 bytes
UE 0388: LCID 2: TX              0 RX              0 bytes
UE 0388: LCID 4: TX              9 RX            162 bytes

[0m[NR_MAC]   Frame.Slot 128.0
UE RNTI 0388 CU-UE-ID 1 in-sync PH 48 dB PCMAX 20 dBm, average RSRP -44 (16 meas)
UE 0388: dlsch_rounds 105/0/0/0, dlsch_errors 0, pucch0_DTX 0, BLER 0.00000 MCS (0) 0 CCE fail 2
UE 0388: ulsch_rounds 922/0/0/0, ulsch_errors 0, ulsch_DTX 0, BLER 0.00000 MCS (0) 0 (Qm 2 deltaMCS 0 dB) NPRB 5  SNR 50.5 dB CCE fail 0
UE 0388: MAC:    TX           2597 RX          19043 bytes
UE 0388: LCID 1: TX            541 RX            284 bytes
UE 0388: LCID 2: TX              0 RX              0 bytes
UE 0388: LCID 4: TX              9 RX            162 bytes

[0m[NR_MAC]   Frame.Slot 256.0
UE RNTI 0388 CU-UE-ID 1 in-sync PH 48 dB PCMAX 20 dBm, average RSRP -44 (16 meas)
UE 0388: dlsch_rounds 107/0/0/0, dlsch_errors 0, pucch0_DTX 0, BLER 0.00000 MCS (0) 0 CCE fail 2
UE 0388: ulsch_rounds 935/0/0/0, ulsch_errors 0, ulsch_DTX 0, BLER 0.00000 MCS (0) 0 (Qm 2 deltaMCS 0 dB) NPRB 5  SNR 50.5 dB CCE fail 0
UE 0388: MAC:    TX           2639 RX          19303 bytes
UE 0388: LCID 1: TX            541 RX            284 bytes
UE 0388: LCID 2: TX              0 RX              0 bytes
UE 0388: LCID 4: TX              9 RX            162 bytes

[0m[NR_MAC]   Frame.Slot 384.0
UE RNTI 0388 CU-UE-ID 1 in-sync PH 48 dB PCMAX 20 dBm, average RSRP -44 (16 meas)
UE 0388: dlsch_rounds 108/0/0/0, dlsch_errors 0, pucch0_DTX 0, BLER 0.00000 MCS (0) 0 CCE fail 2
UE 0388: ulsch_rounds 948/0/0/0, ulsch_errors 0, ulsch_DTX 0, BLER 0.00000 MCS (0) 0 (Qm 2 deltaMCS 0 dB) NPRB 5  SNR 50.5 dB CCE fail 0
UE 0388: MAC:    TX           2660 RX          19563 bytes
UE 0388: LCID 1: TX            541 RX            284 bytes
UE 0388: LCID 2: TX              0 RX              0 bytes
UE 0388: LCID 4: TX              9 RX            162 bytes

[0m[NR_MAC]   Frame.Slot 512.0
UE RNTI 0388 CU-UE-ID 1 in-sync PH 48 dB PCMAX 20 dBm, average RSRP -44 (16 meas)
UE 0388: dlsch_rounds 109/0/0/0, dlsch_errors 0, pucch0_DTX 0, BLER 0.00000 MCS (0) 0 CCE fail 2
UE 0388: ulsch_rounds 961/0/0/0, ulsch_errors 0, ulsch_DTX 0, BLER 0.00000 MCS (0) 0 (Qm 2 deltaMCS 0 dB) NPRB 5  SNR 50.5 dB CCE fail 0
UE 0388: MAC:    TX           2681 RX          19823 bytes
UE 0388: LCID 1: TX            541 RX            284 bytes
UE 0388: LCID 2: TX              0 RX              0 bytes
UE 0388: LCID 4: TX              9 RX            162 bytes

[0m[NR_MAC]   Frame.Slot 640.0
UE RNTI 0388 CU-UE-ID 1 in-sync PH 48 dB PCMAX 20 dBm, average RSRP -44 (16 meas)
UE 0388: dlsch_rounds 111/0/0/0, dlsch_errors 0, pucch0_DTX 0, BLER 0.00000 MCS (0) 0 CCE fail 2
UE 0388: ulsch_rounds 973/0/0/0, ulsch_errors 0, ulsch_DTX 0, BLER 0.00000 MCS (0) 0 (Qm 2 deltaMCS 0 dB) NPRB 5  SNR 50.5 dB CCE fail 0
UE 0388: MAC:    TX           2723 RX          20063 bytes
UE 0388: LCID 1: TX            541 RX            284 bytes
UE 0388: LCID 2: TX              0 RX              0 bytes
UE 0388: LCID 4: TX              9 RX            162 bytes

[0m[NR_MAC]   Frame.Slot 768.0
UE RNTI 0388 CU-UE-ID 1 in-sync PH 48 dB PCMAX 20 dBm, average RSRP -44 (16 meas)
UE 0388: dlsch_rounds 112/0/0/0, dlsch_errors 0, pucch0_DTX 0, BLER 0.00000 MCS (0) 0 CCE fail 2
UE 0388: ulsch_rounds 986/0/0/0, ulsch_errors 0, ulsch_DTX 0, BLER 0.00000 MCS (0) 0 (Qm 2 deltaMCS 0 dB) NPRB 5  SNR 50.5 dB CCE fail 0
UE 0388: MAC:    TX           2744 RX          20323 bytes
UE 0388: LCID 1: TX            541 RX            284 bytes
UE 0388: LCID 2: TX              0 RX              0 bytes
UE 0388: LCID 4: TX              9 RX            162 bytes

[0m[NR_MAC]   Frame.Slot 896.0
UE RNTI 0388 CU-UE-ID 1 in-sync PH 48 dB PCMAX 20 dBm, average RSRP -44 (16 meas)
UE 0388: dlsch_rounds 113/0/0/0, dlsch_errors 0, pucch0_DTX 0, BLER 0.00000 MCS (0) 0 CCE fail 2
UE 0388: ulsch_rounds 999/0/0/0, ulsch_errors 0, ulsch_DTX 0, BLER 0.00000 MCS (0) 0 (Qm 2 deltaMCS 0 dB) NPRB 5  SNR 50.5 dB CCE fail 0
UE 0388: MAC:    TX           2765 RX          20583 bytes
UE 0388: LCID 1: TX            541 RX            284 bytes
UE 0388: LCID 2: TX              0 RX              0 bytes
UE 0388: LCID 4: TX              9 RX            162 bytes

[0m[NR_MAC]   Frame.Slot 0.0
UE RNTI 0388 CU-UE-ID 1 in-sync PH 48 dB PCMAX 20 dBm, average RSRP -44 (16 meas)
UE 0388: dlsch_rounds 114/0/0/0, dlsch_errors 0, pucch0_DTX 0, BLER 0.00000 MCS (0) 0 CCE fail 2
UE 0388: ulsch_rounds 1012/0/0/0, ulsch_errors 0, ulsch_DTX 0, BLER 0.00000 MCS (0) 0 (Qm 2 deltaMCS 0 dB) NPRB 5  SNR 50.5 dB CCE fail 0
UE 0388: MAC:    TX           2786 RX          20843 bytes
UE 0388: LCID 1: TX            541 RX            284 bytes
UE 0388: LCID 2: TX              0 RX              0 bytes
UE 0388: LCID 4: TX              9 RX            162 bytes

[0m[NR_MAC]   Frame.Slot 128.0
UE RNTI 0388 CU-UE-ID 1 in-sync PH 48 dB PCMAX 20 dBm, average RSRP -44 (16 meas)
UE 0388: dlsch_rounds 116/0/0/0, dlsch_errors 0, pucch0_DTX 0, BLER 0.00000 MCS (0) 0 CCE fail 2
UE 0388: ulsch_rounds 1025/0/0/0, ulsch_errors 0, ulsch_DTX 0, BLER 0.00000 MCS (0) 0 (Qm 2 deltaMCS 0 dB) NPRB 5  SNR 50.5 dB CCE fail 0
UE 0388: MAC:    TX           2828 RX          21103 bytes
UE 0388: LCID 1: TX            541 RX            284 bytes
UE 0388: LCID 2: TX              0 RX              0 bytes
UE 0388: LCID 4: TX              9 RX            162 bytes

[0m[NR_MAC]   Frame.Slot 256.0
UE RNTI 0388 CU-UE-ID 1 in-sync PH 48 dB PCMAX 20 dBm, average RSRP -44 (16 meas)
UE 0388: dlsch_rounds 117/0/0/0, dlsch_errors 0, pucch0_DTX 0, BLER 0.00000 MCS (0) 0 CCE fail 2
UE 0388: ulsch_rounds 1037/0/0/0, ulsch_errors 0, ulsch_DTX 0, BLER 0.00000 MCS (0) 0 (Qm 2 deltaMCS 0 dB) NPRB 5  SNR 50.5 dB CCE fail 0
UE 0388: MAC:    TX           2849 RX          21343 bytes
UE 0388: LCID 1: TX            541 RX            284 bytes
UE 0388: LCID 2: TX              0 RX              0 bytes
UE 0388: LCID 4: TX              9 RX            162 bytes

[0m[NR_MAC]   Frame.Slot 384.0
UE RNTI 0388 CU-UE-ID 1 in-sync PH 48 dB PCMAX 20 dBm, average RSRP -44 (16 meas)
UE 0388: dlsch_rounds 118/0/0/0, dlsch_errors 0, pucch0_DTX 0, BLER 0.00000 MCS (0) 0 CCE fail 2
UE 0388: ulsch_rounds 1050/0/0/0, ulsch_errors 0, ulsch_DTX 0, BLER 0.00000 MCS (0) 0 (Qm 2 deltaMCS 0 dB) NPRB 5  SNR 50.5 dB CCE fail 0
UE 0388: MAC:    TX           2870 RX          21603 bytes
UE 0388: LCID 1: TX            541 RX            284 bytes
UE 0388: LCID 2: TX              0 RX              0 bytes
UE 0388: LCID 4: TX              9 RX            162 bytes

[0m[NR_MAC]   Frame.Slot 512.0
UE RNTI 0388 CU-UE-ID 1 in-sync PH 48 dB PCMAX 20 dBm, average RSRP -44 (16 meas)
UE 0388: dlsch_rounds 120/0/0/0, dlsch_errors 0, pucch0_DTX 0, BLER 0.00000 MCS (0) 0 CCE fail 2
UE 0388: ulsch_rounds 1063/0/0/0, ulsch_errors 0, ulsch_DTX 0, BLER 0.00000 MCS (0) 0 (Qm 2 deltaMCS 0 dB) NPRB 5  SNR 50.5 dB CCE fail 0
UE 0388: MAC:    TX           2912 RX          21863 bytes
UE 0388: LCID 1: TX            541 RX            284 bytes
UE 0388: LCID 2: TX              0 RX              0 bytes
UE 0388: LCID 4: TX              9 RX            162 bytes

[0m[NR_MAC]   Frame.Slot 640.0
UE RNTI 0388 CU-UE-ID 1 in-sync PH 48 dB PCMAX 20 dBm, average RSRP -44 (16 meas)
UE 0388: dlsch_rounds 121/0/0/0, dlsch_errors 0, pucch0_DTX 0, BLER 0.00000 MCS (0) 0 CCE fail 2
UE 0388: ulsch_rounds 1076/0/0/0, ulsch_errors 0, ulsch_DTX 0, BLER 0.00000 MCS (0) 0 (Qm 2 deltaMCS 0 dB) NPRB 5  SNR 50.5 dB CCE fail 0
UE 0388: MAC:    TX           2933 RX          22123 bytes
UE 0388: LCID 1: TX            541 RX            284 bytes
UE 0388: LCID 2: TX              0 RX              0 bytes
UE 0388: LCID 4: TX              9 RX            162 bytes

[0m[NR_MAC]   Frame.Slot 768.0
UE RNTI 0388 CU-UE-ID 1 in-sync PH 48 dB PCMAX 20 dBm, average RSRP -44 (16 meas)
UE 0388: dlsch_rounds 122/0/0/0, dlsch_errors 0, pucch0_DTX 0, BLER 0.00000 MCS (0) 0 CCE fail 2
UE 0388: ulsch_rounds 1089/0/0/0, ulsch_errors 0, ulsch_DTX 0, BLER 0.00000 MCS (0) 0 (Qm 2 deltaMCS 0 dB) NPRB 5  SNR 50.5 dB CCE fail 0
UE 0388: MAC:    TX           2954 RX          22383 bytes
UE 0388: LCID 1: TX            541 RX            284 bytes
UE 0388: LCID 2: TX              0 RX              0 bytes
UE 0388: LCID 4: TX              9 RX            162 bytes

[0m[NR_MAC]   Frame.Slot 896.0
UE RNTI 0388 CU-UE-ID 1 in-sync PH 48 dB PCMAX 20 dBm, average RSRP -44 (16 meas)
UE 0388: dlsch_rounds 123/0/0/0, dlsch_errors 0, pucch0_DTX 0, BLER 0.00000 MCS (0) 0 CCE fail 2
UE 0388: ulsch_rounds 1101/0/0/0, ulsch_errors 0, ulsch_DTX 0, BLER 0.00000 MCS (0) 0 (Qm 2 deltaMCS 0 dB) NPRB 5  SNR 50.5 dB CCE fail 0
UE 0388: MAC:    TX           2975 RX          22623 bytes
UE 0388: LCID 1: TX            541 RX            284 bytes
UE 0388: LCID 2: TX              0 RX              0 bytes
UE 0388: LCID 4: TX              9 RX            162 bytes

[0m[NR_MAC]   Frame.Slot 0.0
UE RNTI 0388 CU-UE-ID 1 in-sync PH 48 dB PCMAX 20 dBm, average RSRP -44 (16 meas)
UE 0388: dlsch_rounds 125/0/0/0, dlsch_errors 0, pucch0_DTX 0, BLER 0.00000 MCS (0) 0 CCE fail 2
UE 0388: ulsch_rounds 1114/0/0/0, ulsch_errors 0, ulsch_DTX 0, BLER 0.00000 MCS (0) 0 (Qm 2 deltaMCS 0 dB) NPRB 5  SNR 50.5 dB CCE fail 0
UE 0388: MAC:    TX           3017 RX          22883 bytes
UE 0388: LCID 1: TX            541 RX            284 bytes
UE 0388: LCID 2: TX              0 RX              0 bytes
UE 0388: LCID 4: TX              9 RX            162 bytes

[0m[NR_MAC]   Frame.Slot 128.0
UE RNTI 0388 CU-UE-ID 1 in-sync PH 48 dB PCMAX 20 dBm, average RSRP -44 (16 meas)
UE 0388: dlsch_rounds 126/0/0/0, dlsch_errors 0, pucch0_DTX 0, BLER 0.00000 MCS (0) 0 CCE fail 2
UE 0388: ulsch_rounds 1127/0/0/0, ulsch_errors 0, ulsch_DTX 0, BLER 0.00000 MCS (0) 0 (Qm 2 deltaMCS 0 dB) NPRB 5  SNR 50.5 dB CCE fail 0
UE 0388: MAC:    TX           3038 RX          23143 bytes
UE 0388: LCID 1: TX            541 RX            284 bytes
UE 0388: LCID 2: TX              0 RX              0 bytes
UE 0388: LCID 4: TX              9 RX            162 bytes

[0m[NR_MAC]   Frame.Slot 256.0
UE RNTI 0388 CU-UE-ID 1 in-sync PH 48 dB PCMAX 20 dBm, average RSRP -44 (16 meas)
UE 0388: dlsch_rounds 127/0/0/0, dlsch_errors 0, pucch0_DTX 0, BLER 0.00000 MCS (0) 0 CCE fail 2
UE 0388: ulsch_rounds 1140/0/0/0, ulsch_errors 0, ulsch_DTX 0, BLER 0.00000 MCS (0) 0 (Qm 2 deltaMCS 0 dB) NPRB 5  SNR 50.5 dB CCE fail 0
UE 0388: MAC:    TX           3059 RX          23403 bytes
UE 0388: LCID 1: TX            541 RX            284 bytes
UE 0388: LCID 2: TX              0 RX              0 bytes
UE 0388: LCID 4: TX              9 RX            162 bytes

[0m[NR_MAC]   Frame.Slot 384.0
UE RNTI 0388 CU-UE-ID 1 in-sync PH 48 dB PCMAX 20 dBm, average RSRP -44 (16 meas)
UE 0388: dlsch_rounds 128/0/0/0, dlsch_errors 0, pucch0_DTX 0, BLER 0.00000 MCS (0) 0 CCE fail 2
UE 0388: ulsch_rounds 1153/0/0/0, ulsch_errors 0, ulsch_DTX 0, BLER 0.00000 MCS (0) 0 (Qm 2 deltaMCS 0 dB) NPRB 5  SNR 50.5 dB CCE fail 0
UE 0388: MAC:    TX           3080 RX          23663 bytes
UE 0388: LCID 1: TX            541 RX            284 bytes
UE 0388: LCID 2: TX              0 RX              0 bytes
UE 0388: LCID 4: TX              9 RX            162 bytes

[0m[NR_MAC]   Frame.Slot 512.0
UE RNTI 0388 CU-UE-ID 1 in-sync PH 48 dB PCMAX 20 dBm, average RSRP -44 (16 meas)
UE 0388: dlsch_rounds 130/0/0/0, dlsch_errors 0, pucch0_DTX 0, BLER 0.00000 MCS (0) 0 CCE fail 2
UE 0388: ulsch_rounds 1165/0/0/0, ulsch_errors 0, ulsch_DTX 0, BLER 0.00000 MCS (0) 0 (Qm 2 deltaMCS 0 dB) NPRB 5  SNR 50.5 dB CCE fail 0
UE 0388: MAC:    TX           3122 RX          23903 bytes
UE 0388: LCID 1: TX            541 RX            284 bytes
UE 0388: LCID 2: TX              0 RX              0 bytes
UE 0388: LCID 4: TX              9 RX            162 bytes

[0m[NR_MAC]   Frame.Slot 640.0
UE RNTI 0388 CU-UE-ID 1 in-sync PH 48 dB PCMAX 20 dBm, average RSRP -44 (16 meas)
UE 0388: dlsch_rounds 131/0/0/0, dlsch_errors 0, pucch0_DTX 0, BLER 0.00000 MCS (0) 0 CCE fail 2
UE 0388: ulsch_rounds 1178/0/0/0, ulsch_errors 0, ulsch_DTX 0, BLER 0.00000 MCS (0) 0 (Qm 2 deltaMCS 0 dB) NPRB 5  SNR 50.5 dB CCE fail 0
UE 0388: MAC:    TX           3143 RX          24163 bytes
UE 0388: LCID 1: TX            541 RX            284 bytes
UE 0388: LCID 2: TX              0 RX              0 bytes
UE 0388: LCID 4: TX              9 RX            162 bytes

[0m[NR_MAC]   Frame.Slot 768.0
UE RNTI 0388 CU-UE-ID 1 in-sync PH 48 dB PCMAX 20 dBm, average RSRP -44 (16 meas)
UE 0388: dlsch_rounds 132/0/0/0, dlsch_errors 0, pucch0_DTX 0, BLER 0.00000 MCS (0) 0 CCE fail 2
UE 0388: ulsch_rounds 1191/0/0/0, ulsch_errors 0, ulsch_DTX 0, BLER 0.00000 MCS (0) 0 (Qm 2 deltaMCS 0 dB) NPRB 5  SNR 50.5 dB CCE fail 0
UE 0388: MAC:    TX           3164 RX          24423 bytes
UE 0388: LCID 1: TX            541 RX            284 bytes
UE 0388: LCID 2: TX              0 RX              0 bytes
UE 0388: LCID 4: TX              9 RX            162 bytes

[0m[NR_MAC]   Frame.Slot 896.0
UE RNTI 0388 CU-UE-ID 1 in-sync PH 48 dB PCMAX 20 dBm, average RSRP -44 (16 meas)
UE 0388: dlsch_rounds 134/0/0/0, dlsch_errors 0, pucch0_DTX 0, BLER 0.00000 MCS (0) 0 CCE fail 2
UE 0388: ulsch_rounds 1204/0/0/0, ulsch_errors 0, ulsch_DTX 0, BLER 0.00000 MCS (0) 0 (Qm 2 deltaMCS 0 dB) NPRB 5  SNR 50.5 dB CCE fail 0
UE 0388: MAC:    TX           3206 RX          24683 bytes
UE 0388: LCID 1: TX            541 RX            284 bytes
UE 0388: LCID 2: TX              0 RX              0 bytes
UE 0388: LCID 4: TX              9 RX            162 bytes

[0m[NR_MAC]   Frame.Slot 0.0
UE RNTI 0388 CU-UE-ID 1 in-sync PH 48 dB PCMAX 20 dBm, average RSRP -44 (16 meas)
UE 0388: dlsch_rounds 135/0/0/0, dlsch_errors 0, pucch0_DTX 0, BLER 0.00000 MCS (0) 0 CCE fail 2
UE 0388: ulsch_rounds 1217/0/0/0, ulsch_errors 0, ulsch_DTX 0, BLER 0.00000 MCS (0) 0 (Qm 2 deltaMCS 0 dB) NPRB 5  SNR 50.5 dB CCE fail 0
UE 0388: MAC:    TX           3227 RX          24943 bytes
UE 0388: LCID 1: TX            541 RX            284 bytes
UE 0388: LCID 2: TX              0 RX              0 bytes
UE 0388: LCID 4: TX              9 RX            162 bytes

[0m[NR_MAC]   Frame.Slot 128.0
UE RNTI 0388 CU-UE-ID 1 in-sync PH 48 dB PCMAX 20 dBm, average RSRP -44 (16 meas)
UE 0388: dlsch_rounds 136/0/0/0, dlsch_errors 0, pucch0_DTX 0, BLER 0.00000 MCS (0) 0 CCE fail 2
UE 0388: ulsch_rounds 1229/0/0/0, ulsch_errors 0, ulsch_DTX 0, BLER 0.00000 MCS (0) 0 (Qm 2 deltaMCS 0 dB) NPRB 5  SNR 50.5 dB CCE fail 0
UE 0388: MAC:    TX           3248 RX          25183 bytes
UE 0388: LCID 1: TX            541 RX            284 bytes
UE 0388: LCID 2: TX              0 RX              0 bytes
UE 0388: LCID 4: TX              9 RX            162 bytes

[0m[NR_MAC]   Frame.Slot 256.0
UE RNTI 0388 CU-UE-ID 1 in-sync PH 48 dB PCMAX 20 dBm, average RSRP -44 (16 meas)
UE 0388: dlsch_rounds 137/0/0/0, dlsch_errors 0, pucch0_DTX 0, BLER 0.00000 MCS (0) 0 CCE fail 2
UE 0388: ulsch_rounds 1242/0/0/0, ulsch_errors 0, ulsch_DTX 0, BLER 0.00000 MCS (0) 0 (Qm 2 deltaMCS 0 dB) NPRB 5  SNR 50.5 dB CCE fail 0
UE 0388: MAC:    TX           3269 RX          25443 bytes
UE 0388: LCID 1: TX            541 RX            284 bytes
UE 0388: LCID 2: TX              0 RX              0 bytes
UE 0388: LCID 4: TX              9 RX            162 bytes

[0m[NR_MAC]   Frame.Slot 384.0
UE RNTI 0388 CU-UE-ID 1 in-sync PH 48 dB PCMAX 20 dBm, average RSRP -44 (16 meas)
UE 0388: dlsch_rounds 139/0/0/0, dlsch_errors 0, pucch0_DTX 0, BLER 0.00000 MCS (0) 0 CCE fail 2
UE 0388: ulsch_rounds 1255/0/0/0, ulsch_errors 0, ulsch_DTX 0, BLER 0.00000 MCS (0) 0 (Qm 2 deltaMCS 0 dB) NPRB 5  SNR 50.5 dB CCE fail 0
UE 0388: MAC:    TX           3311 RX          25703 bytes
UE 0388: LCID 1: TX            541 RX            284 bytes
UE 0388: LCID 2: TX              0 RX              0 bytes
UE 0388: LCID 4: TX              9 RX            162 bytes

[0m[NR_MAC]   Frame.Slot 512.0
UE RNTI 0388 CU-UE-ID 1 in-sync PH 48 dB PCMAX 20 dBm, average RSRP -44 (16 meas)
UE 0388: dlsch_rounds 141/0/0/0, dlsch_errors 0, pucch0_DTX 0, BLER 0.00000 MCS (0) 0 CCE fail 2
UE 0388: ulsch_rounds 1273/0/0/0, ulsch_errors 0, ulsch_DTX 0, BLER 0.00000 MCS (0) 0 (Qm 2 deltaMCS 0 dB) NPRB 5  SNR 50.5 dB CCE fail 0
UE 0388: MAC:    TX           3353 RX          26189 bytes
UE 0388: LCID 1: TX            541 RX            284 bytes
UE 0388: LCID 2: TX              0 RX              0 bytes
UE 0388: LCID 4: TX             12 RX            216 bytes

[0m[NR_MAC]   Frame.Slot 640.0
UE RNTI 0388 CU-UE-ID 1 in-sync PH 48 dB PCMAX 20 dBm, average RSRP -44 (16 meas)
UE 0388: dlsch_rounds 142/0/0/0, dlsch_errors 0, pucch0_DTX 0, BLER 0.00000 MCS (0) 0 CCE fail 2
UE 0388: ulsch_rounds 1286/0/0/0, ulsch_errors 0, ulsch_DTX 0, BLER 0.00000 MCS (0) 0 (Qm 2 deltaMCS 0 dB) NPRB 5  SNR 50.5 dB CCE fail 0
UE 0388: MAC:    TX           3374 RX          26449 bytes
UE 0388: LCID 1: TX            541 RX            284 bytes
UE 0388: LCID 2: TX              0 RX              0 bytes
UE 0388: LCID 4: TX             12 RX            216 bytes

[0m[NR_MAC]   Frame.Slot 768.0
UE RNTI 0388 CU-UE-ID 1 in-sync PH 48 dB PCMAX 20 dBm, average RSRP -44 (16 meas)
UE 0388: dlsch_rounds 144/0/0/0, dlsch_errors 0, pucch0_DTX 0, BLER 0.00000 MCS (0) 0 CCE fail 2
UE 0388: ulsch_rounds 1298/0/0/0, ulsch_errors 0, ulsch_DTX 0, BLER 0.00000 MCS (0) 0 (Qm 2 deltaMCS 0 dB) NPRB 5  SNR 50.5 dB CCE fail 0
UE 0388: MAC:    TX           3416 RX          26689 bytes
UE 0388: LCID 1: TX            541 RX            284 bytes
UE 0388: LCID 2: TX              0 RX              0 bytes
UE 0388: LCID 4: TX             12 RX            216 bytes

[0m[NR_MAC]   Frame.Slot 896.0
UE RNTI 0388 CU-UE-ID 1 in-sync PH 48 dB PCMAX 20 dBm, average RSRP -44 (16 meas)
UE 0388: dlsch_rounds 145/0/0/0, dlsch_errors 0, pucch0_DTX 0, BLER 0.00000 MCS (0) 0 CCE fail 2
UE 0388: ulsch_rounds 1311/0/0/0, ulsch_errors 0, ulsch_DTX 0, BLER 0.00000 MCS (0) 0 (Qm 2 deltaMCS 0 dB) NPRB 5  SNR 50.5 dB CCE fail 0
UE 0388: MAC:    TX           3437 RX          26949 bytes
UE 0388: LCID 1: TX            541 RX            284 bytes
UE 0388: LCID 2: TX              0 RX              0 bytes
UE 0388: LCID 4: TX             12 RX            216 bytes

[0m[NR_MAC]   Frame.Slot 0.0
UE RNTI 0388 CU-UE-ID 1 in-sync PH 48 dB PCMAX 20 dBm, average RSRP -44 (16 meas)
UE 0388: dlsch_rounds 146/0/0/0, dlsch_errors 0, pucch0_DTX 0, BLER 0.00000 MCS (0) 0 CCE fail 2
UE 0388: ulsch_rounds 1324/0/0/0, ulsch_errors 0, ulsch_DTX 0, BLER 0.00000 MCS (0) 0 (Qm 2 deltaMCS 0 dB) NPRB 5  SNR 50.5 dB CCE fail 0
UE 0388: MAC:    TX           3458 RX          27209 bytes
UE 0388: LCID 1: TX            541 RX            284 bytes
UE 0388: LCID 2: TX              0 RX              0 bytes
UE 0388: LCID 4: TX             12 RX            216 bytes

[0m[NR_MAC]   Frame.Slot 128.0
UE RNTI 0388 CU-UE-ID 1 in-sync PH 48 dB PCMAX 20 dBm, average RSRP -44 (16 meas)
UE 0388: dlsch_rounds 147/0/0/0, dlsch_errors 0, pucch0_DTX 0, BLER 0.00000 MCS (0) 0 CCE fail 2
UE 0388: ulsch_rounds 1337/0/0/0, ulsch_errors 0, ulsch_DTX 0, BLER 0.00000 MCS (0) 0 (Qm 2 deltaMCS 0 dB) NPRB 5  SNR 50.5 dB CCE fail 0
UE 0388: MAC:    TX           3479 RX          27469 bytes
UE 0388: LCID 1: TX            541 RX            284 bytes
UE 0388: LCID 2: TX              0 RX              0 bytes
UE 0388: LCID 4: TX             12 RX            216 bytes

[0m[NR_MAC]   Frame.Slot 256.0
UE RNTI 0388 CU-UE-ID 1 in-sync PH 48 dB PCMAX 20 dBm, average RSRP -44 (16 meas)
UE 0388: dlsch_rounds 149/0/0/0, dlsch_errors 0, pucch0_DTX 0, BLER 0.00000 MCS (0) 0 CCE fail 2
UE 0388: ulsch_rounds 1350/0/0/0, ulsch_errors 0, ulsch_DTX 0, BLER 0.00000 MCS (0) 0 (Qm 2 deltaMCS 0 dB) NPRB 5  SNR 50.5 dB CCE fail 0
UE 0388: MAC:    TX           3521 RX          27729 bytes
UE 0388: LCID 1: TX            541 RX            284 bytes
UE 0388: LCID 2: TX              0 RX              0 bytes
UE 0388: LCID 4: TX             12 RX            216 bytes

[0m[NR_MAC]   Frame.Slot 384.0
UE RNTI 0388 CU-UE-ID 1 in-sync PH 48 dB PCMAX 20 dBm, average RSRP -44 (16 meas)
UE 0388: dlsch_rounds 150/0/0/0, dlsch_errors 0, pucch0_DTX 0, BLER 0.00000 MCS (0) 0 CCE fail 2
UE 0388: ulsch_rounds 1362/0/0/0, ulsch_errors 0, ulsch_DTX 0, BLER 0.00000 MCS (0) 0 (Qm 2 deltaMCS 0 dB) NPRB 5  SNR 50.5 dB CCE fail 0
UE 0388: MAC:    TX           3542 RX          27969 bytes
UE 0388: LCID 1: TX            541 RX            284 bytes
UE 0388: LCID 2: TX              0 RX              0 bytes
UE 0388: LCID 4: TX             12 RX            216 bytes

[0m[NR_MAC]   Frame.Slot 512.0
UE RNTI 0388 CU-UE-ID 1 in-sync PH 48 dB PCMAX 20 dBm, average RSRP -44 (16 meas)
UE 0388: dlsch_rounds 151/0/0/0, dlsch_errors 0, pucch0_DTX 0, BLER 0.00000 MCS (0) 0 CCE fail 2
UE 0388: ulsch_rounds 1375/0/0/0, ulsch_errors 0, ulsch_DTX 0, BLER 0.00000 MCS (0) 0 (Qm 2 deltaMCS 0 dB) NPRB 5  SNR 50.5 dB CCE fail 0
UE 0388: MAC:    TX           3563 RX          28229 bytes
UE 0388: LCID 1: TX            541 RX            284 bytes
UE 0388: LCID 2: TX              0 RX              0 bytes
UE 0388: LCID 4: TX             12 RX            216 bytes

[0m[NR_MAC]   Frame.Slot 640.0
UE RNTI 0388 CU-UE-ID 1 in-sync PH 48 dB PCMAX 20 dBm, average RSRP -44 (16 meas)
UE 0388: dlsch_rounds 153/0/0/0, dlsch_errors 0, pucch0_DTX 0, BLER 0.00000 MCS (0) 0 CCE fail 2
UE 0388: ulsch_rounds 1388/0/0/0, ulsch_errors 0, ulsch_DTX 0, BLER 0.00000 MCS (0) 0 (Qm 2 deltaMCS 0 dB) NPRB 5  SNR 50.5 dB CCE fail 0
UE 0388: MAC:    TX           3605 RX          28489 bytes
UE 0388: LCID 1: TX            541 RX            284 bytes
UE 0388: LCID 2: TX              0 RX              0 bytes
UE 0388: LCID 4: TX             12 RX            216 bytes

[0m[NR_MAC]   Frame.Slot 768.0
UE RNTI 0388 CU-UE-ID 1 in-sync PH 48 dB PCMAX 20 dBm, average RSRP -44 (16 meas)
UE 0388: dlsch_rounds 154/0/0/0, dlsch_errors 0, pucch0_DTX 0, BLER 0.00000 MCS (0) 0 CCE fail 2
UE 0388: ulsch_rounds 1401/0/0/0, ulsch_errors 0, ulsch_DTX 0, BLER 0.00000 MCS (0) 0 (Qm 2 deltaMCS 0 dB) NPRB 5  SNR 50.5 dB CCE fail 0
UE 0388: MAC:    TX           3626 RX          28749 bytes
UE 0388: LCID 1: TX            541 RX            284 bytes
UE 0388: LCID 2: TX              0 RX              0 bytes
UE 0388: LCID 4: TX             12 RX            216 bytes

[0m[NR_MAC]   Frame.Slot 896.0
UE RNTI 0388 CU-UE-ID 1 in-sync PH 48 dB PCMAX 20 dBm, average RSRP -44 (16 meas)
UE 0388: dlsch_rounds 155/0/0/0, dlsch_errors 0, pucch0_DTX 0, BLER 0.00000 MCS (0) 0 CCE fail 2
UE 0388: ulsch_rounds 1414/0/0/0, ulsch_errors 0, ulsch_DTX 0, BLER 0.00000 MCS (0) 0 (Qm 2 deltaMCS 0 dB) NPRB 5  SNR 50.5 dB CCE fail 0
UE 0388: MAC:    TX           3647 RX          29009 bytes
UE 0388: LCID 1: TX            541 RX            284 bytes
UE 0388: LCID 2: TX              0 RX              0 bytes
UE 0388: LCID 4: TX             12 RX            216 bytes

[0m[NR_MAC]   Frame.Slot 0.0
UE RNTI 0388 CU-UE-ID 1 in-sync PH 48 dB PCMAX 20 dBm, average RSRP -44 (16 meas)
UE 0388: dlsch_rounds 156/0/0/0, dlsch_errors 0, pucch0_DTX 0, BLER 0.00000 MCS (0) 0 CCE fail 2
UE 0388: ulsch_rounds 1426/0/0/0, ulsch_errors 0, ulsch_DTX 0, BLER 0.00000 MCS (0) 0 (Qm 2 deltaMCS 0 dB) NPRB 5  SNR 50.5 dB CCE fail 0
UE 0388: MAC:    TX           3668 RX          29249 bytes
UE 0388: LCID 1: TX            541 RX            284 bytes
UE 0388: LCID 2: TX              0 RX              0 bytes
UE 0388: LCID 4: TX             12 RX            216 bytes

[0m[NR_MAC]   Frame.Slot 128.0
UE RNTI 0388 CU-UE-ID 1 in-sync PH 48 dB PCMAX 20 dBm, average RSRP -44 (16 meas)
UE 0388: dlsch_rounds 158/0/0/0, dlsch_errors 0, pucch0_DTX 0, BLER 0.00000 MCS (0) 0 CCE fail 2
UE 0388: ulsch_rounds 1439/0/0/0, ulsch_errors 0, ulsch_DTX 0, BLER 0.00000 MCS (0) 0 (Qm 2 deltaMCS 0 dB) NPRB 5  SNR 50.5 dB CCE fail 0
UE 0388: MAC:    TX           3710 RX          29509 bytes
UE 0388: LCID 1: TX            541 RX            284 bytes
UE 0388: LCID 2: TX              0 RX              0 bytes
UE 0388: LCID 4: TX             12 RX            216 bytes

[0m[NR_MAC]   Frame.Slot 256.0
UE RNTI 0388 CU-UE-ID 1 in-sync PH 48 dB PCMAX 20 dBm, average RSRP -44 (16 meas)
UE 0388: dlsch_rounds 159/0/0/0, dlsch_errors 0, pucch0_DTX 0, BLER 0.00000 MCS (0) 0 CCE fail 2
UE 0388: ulsch_rounds 1452/0/0/0, ulsch_errors 0, ulsch_DTX 0, BLER 0.00000 MCS (0) 0 (Qm 2 deltaMCS 0 dB) NPRB 5  SNR 50.5 dB CCE fail 0
UE 0388: MAC:    TX           3731 RX          29769 bytes
UE 0388: LCID 1: TX            541 RX            284 bytes
UE 0388: LCID 2: TX              0 RX              0 bytes
UE 0388: LCID 4: TX             12 RX            216 bytes

[0m[NR_MAC]   Frame.Slot 384.0
UE RNTI 0388 CU-UE-ID 1 in-sync PH 48 dB PCMAX 20 dBm, average RSRP -44 (16 meas)
UE 0388: dlsch_rounds 160/0/0/0, dlsch_errors 0, pucch0_DTX 0, BLER 0.00000 MCS (0) 0 CCE fail 2
UE 0388: ulsch_rounds 1465/0/0/0, ulsch_errors 0, ulsch_DTX 0, BLER 0.00000 MCS (0) 0 (Qm 2 deltaMCS 0 dB) NPRB 5  SNR 50.5 dB CCE fail 0
UE 0388: MAC:    TX           3752 RX          30029 bytes
UE 0388: LCID 1: TX            541 RX            284 bytes
UE 0388: LCID 2: TX              0 RX              0 bytes
UE 0388: LCID 4: TX             12 RX            216 bytes

[0m[NR_MAC]   Frame.Slot 512.0
UE RNTI 0388 CU-UE-ID 1 in-sync PH 48 dB PCMAX 20 dBm, average RSRP -44 (16 meas)
UE 0388: dlsch_rounds 161/0/0/0, dlsch_errors 0, pucch0_DTX 0, BLER 0.00000 MCS (0) 0 CCE fail 2
UE 0388: ulsch_rounds 1478/0/0/0, ulsch_errors 0, ulsch_DTX 0, BLER 0.00000 MCS (0) 0 (Qm 2 deltaMCS 0 dB) NPRB 5  SNR 50.5 dB CCE fail 0
UE 0388: MAC:    TX           3773 RX          30289 bytes
UE 0388: LCID 1: TX            541 RX            284 bytes
UE 0388: LCID 2: TX              0 RX              0 bytes
UE 0388: LCID 4: TX             12 RX            216 bytes

[0m[NR_MAC]   Frame.Slot 640.0
UE RNTI 0388 CU-UE-ID 1 in-sync PH 48 dB PCMAX 20 dBm, average RSRP -44 (16 meas)
UE 0388: dlsch_rounds 163/0/0/0, dlsch_errors 0, pucch0_DTX 0, BLER 0.00000 MCS (0) 0 CCE fail 2
UE 0388: ulsch_rounds 1490/0/0/0, ulsch_errors 0, ulsch_DTX 0, BLER 0.00000 MCS (0) 0 (Qm 2 deltaMCS 0 dB) NPRB 5  SNR 50.5 dB CCE fail 0
UE 0388: MAC:    TX           3815 RX          30529 bytes
UE 0388: LCID 1: TX            541 RX            284 bytes
UE 0388: LCID 2: TX              0 RX              0 bytes
UE 0388: LCID 4: TX             12 RX            216 bytes

[0m[NR_MAC]   Frame.Slot 768.0
UE RNTI 0388 CU-UE-ID 1 in-sync PH 48 dB PCMAX 20 dBm, average RSRP -44 (16 meas)
UE 0388: dlsch_rounds 164/0/0/0, dlsch_errors 0, pucch0_DTX 0, BLER 0.00000 MCS (0) 0 CCE fail 2
UE 0388: ulsch_rounds 1503/0/0/0, ulsch_errors 0, ulsch_DTX 0, BLER 0.00000 MCS (0) 0 (Qm 2 deltaMCS 0 dB) NPRB 5  SNR 50.5 dB CCE fail 0
UE 0388: MAC:    TX           3836 RX          30789 bytes
UE 0388: LCID 1: TX            541 RX            284 bytes
UE 0388: LCID 2: TX              0 RX              0 bytes
UE 0388: LCID 4: TX             12 RX            216 bytes

[0m[NR_MAC]   Frame.Slot 896.0
UE RNTI 0388 CU-UE-ID 1 in-sync PH 48 dB PCMAX 20 dBm, average RSRP -44 (16 meas)
UE 0388: dlsch_rounds 165/0/0/0, dlsch_errors 0, pucch0_DTX 0, BLER 0.00000 MCS (0) 0 CCE fail 2
UE 0388: ulsch_rounds 1516/0/0/0, ulsch_errors 0, ulsch_DTX 0, BLER 0.00000 MCS (0) 0 (Qm 2 deltaMCS 0 dB) NPRB 5  SNR 50.5 dB CCE fail 0
UE 0388: MAC:    TX           3857 RX          31049 bytes
UE 0388: LCID 1: TX            541 RX            284 bytes
UE 0388: LCID 2: TX              0 RX              0 bytes
UE 0388: LCID 4: TX             12 RX            216 bytes

[0m[NR_MAC]   Frame.Slot 0.0
UE RNTI 0388 CU-UE-ID 1 in-sync PH 48 dB PCMAX 20 dBm, average RSRP -44 (16 meas)
UE 0388: dlsch_rounds 167/0/0/0, dlsch_errors 0, pucch0_DTX 0, BLER 0.00000 MCS (0) 0 CCE fail 2
UE 0388: ulsch_rounds 1529/0/0/0, ulsch_errors 0, ulsch_DTX 0, BLER 0.00000 MCS (0) 0 (Qm 2 deltaMCS 0 dB) NPRB 5  SNR 50.5 dB CCE fail 0
UE 0388: MAC:    TX           3899 RX          31309 bytes
UE 0388: LCID 1: TX            541 RX            284 bytes
UE 0388: LCID 2: TX              0 RX              0 bytes
UE 0388: LCID 4: TX             12 RX            216 bytes

[0m[NR_MAC]   Frame.Slot 128.0
UE RNTI 0388 CU-UE-ID 1 in-sync PH 48 dB PCMAX 20 dBm, average RSRP -44 (16 meas)
UE 0388: dlsch_rounds 168/0/0/0, dlsch_errors 0, pucch0_DTX 0, BLER 0.00000 MCS (0) 0 CCE fail 2
UE 0388: ulsch_rounds 1542/0/0/0, ulsch_errors 0, ulsch_DTX 0, BLER 0.00000 MCS (0) 0 (Qm 2 deltaMCS 0 dB) NPRB 5  SNR 50.5 dB CCE fail 0
UE 0388: MAC:    TX           3920 RX          31569 bytes
UE 0388: LCID 1: TX            541 RX            284 bytes
UE 0388: LCID 2: TX              0 RX              0 bytes
UE 0388: LCID 4: TX             12 RX            216 bytes

[0m[NR_MAC]   Frame.Slot 256.0
UE RNTI 0388 CU-UE-ID 1 in-sync PH 48 dB PCMAX 20 dBm, average RSRP -44 (16 meas)
UE 0388: dlsch_rounds 169/0/0/0, dlsch_errors 0, pucch0_DTX 0, BLER 0.00000 MCS (0) 0 CCE fail 2
UE 0388: ulsch_rounds 1554/0/0/0, ulsch_errors 0, ulsch_DTX 0, BLER 0.00000 MCS (0) 0 (Qm 2 deltaMCS 0 dB) NPRB 5  SNR 50.5 dB CCE fail 0
UE 0388: MAC:    TX           3941 RX          31809 bytes
UE 0388: LCID 1: TX            541 RX            284 bytes
UE 0388: LCID 2: TX              0 RX              0 bytes
UE 0388: LCID 4: TX             12 RX            216 bytes

[0m[NR_MAC]   Frame.Slot 384.0
UE RNTI 0388 CU-UE-ID 1 in-sync PH 48 dB PCMAX 20 dBm, average RSRP -44 (16 meas)
UE 0388: dlsch_rounds 170/0/0/0, dlsch_errors 0, pucch0_DTX 0, BLER 0.00000 MCS (0) 0 CCE fail 2
UE 0388: ulsch_rounds 1567/0/0/0, ulsch_errors 0, ulsch_DTX 0, BLER 0.00000 MCS (0) 0 (Qm 2 deltaMCS 0 dB) NPRB 5  SNR 50.5 dB CCE fail 0
UE 0388: MAC:    TX           3962 RX          32069 bytes
UE 0388: LCID 1: TX            541 RX            284 bytes
UE 0388: LCID 2: TX              0 RX              0 bytes
UE 0388: LCID 4: TX             12 RX            216 bytes

[0m[NR_MAC]   Frame.Slot 512.0
UE RNTI 0388 CU-UE-ID 1 in-sync PH 48 dB PCMAX 20 dBm, average RSRP -44 (16 meas)
UE 0388: dlsch_rounds 172/0/0/0, dlsch_errors 0, pucch0_DTX 0, BLER 0.00000 MCS (0) 0 CCE fail 2
UE 0388: ulsch_rounds 1580/0/0/0, ulsch_errors 0, ulsch_DTX 0, BLER 0.00000 MCS (0) 0 (Qm 2 deltaMCS 0 dB) NPRB 5  SNR 50.5 dB CCE fail 0
UE 0388: MAC:    TX           4004 RX          32329 bytes
UE 0388: LCID 1: TX            541 RX            284 bytes
UE 0388: LCID 2: TX              0 RX              0 bytes
UE 0388: LCID 4: TX             12 RX            216 bytes

[0m[NR_MAC]   Frame.Slot 640.0
UE RNTI 0388 CU-UE-ID 1 in-sync PH 48 dB PCMAX 20 dBm, average RSRP -44 (16 meas)
UE 0388: dlsch_rounds 173/0/0/0, dlsch_errors 0, pucch0_DTX 0, BLER 0.00000 MCS (0) 0 CCE fail 2
UE 0388: ulsch_rounds 1593/0/0/0, ulsch_errors 0, ulsch_DTX 0, BLER 0.00000 MCS (0) 0 (Qm 2 deltaMCS 0 dB) NPRB 5  SNR 50.5 dB CCE fail 0
UE 0388: MAC:    TX           4025 RX          32589 bytes
UE 0388: LCID 1: TX            541 RX            284 bytes
UE 0388: LCID 2: TX              0 RX              0 bytes
UE 0388: LCID 4: TX             12 RX            216 bytes

[0m[NR_MAC]   Frame.Slot 768.0
UE RNTI 0388 CU-UE-ID 1 in-sync PH 48 dB PCMAX 20 dBm, average RSRP -44 (16 meas)
UE 0388: dlsch_rounds 174/0/0/0, dlsch_errors 0, pucch0_DTX 0, BLER 0.00000 MCS (0) 0 CCE fail 2
UE 0388: ulsch_rounds 1606/0/0/0, ulsch_errors 0, ulsch_DTX 0, BLER 0.00000 MCS (0) 0 (Qm 2 deltaMCS 0 dB) NPRB 5  SNR 50.5 dB CCE fail 0
UE 0388: MAC:    TX           4046 RX          32849 bytes
UE 0388: LCID 1: TX            541 RX            284 bytes
UE 0388: LCID 2: TX              0 RX              0 bytes
UE 0388: LCID 4: TX             12 RX            216 bytes

[0m[NR_MAC]   Frame.Slot 896.0
UE RNTI 0388 CU-UE-ID 1 in-sync PH 48 dB PCMAX 20 dBm, average RSRP -44 (16 meas)
UE 0388: dlsch_rounds 176/0/0/0, dlsch_errors 0, pucch0_DTX 0, BLER 0.00000 MCS (0) 0 CCE fail 2
UE 0388: ulsch_rounds 1618/0/0/0, ulsch_errors 0, ulsch_DTX 0, BLER 0.00000 MCS (0) 0 (Qm 2 deltaMCS 0 dB) NPRB 5  SNR 50.5 dB CCE fail 0
UE 0388: MAC:    TX           4088 RX          33089 bytes
UE 0388: LCID 1: TX            541 RX            284 bytes
UE 0388: LCID 2: TX              0 RX              0 bytes
UE 0388: LCID 4: TX             12 RX            216 bytes

[0m[NR_MAC]   Frame.Slot 0.0
UE RNTI 0388 CU-UE-ID 1 in-sync PH 48 dB PCMAX 20 dBm, average RSRP -44 (16 meas)
UE 0388: dlsch_rounds 177/0/0/0, dlsch_errors 0, pucch0_DTX 0, BLER 0.00000 MCS (0) 0 CCE fail 2
UE 0388: ulsch_rounds 1631/0/0/0, ulsch_errors 0, ulsch_DTX 0, BLER 0.00000 MCS (0) 0 (Qm 2 deltaMCS 0 dB) NPRB 5  SNR 50.5 dB CCE fail 0
UE 0388: MAC:    TX           4109 RX          33349 bytes
UE 0388: LCID 1: TX            541 RX            284 bytes
UE 0388: LCID 2: TX              0 RX              0 bytes
UE 0388: LCID 4: TX             12 RX            216 bytes

[0m[NR_MAC]   Frame.Slot 128.0
UE RNTI 0388 CU-UE-ID 1 in-sync PH 48 dB PCMAX 20 dBm, average RSRP -44 (16 meas)
UE 0388: dlsch_rounds 178/0/0/0, dlsch_errors 0, pucch0_DTX 0, BLER 0.00000 MCS (0) 0 CCE fail 2
UE 0388: ulsch_rounds 1644/0/0/0, ulsch_errors 0, ulsch_DTX 0, BLER 0.00000 MCS (0) 0 (Qm 2 deltaMCS 0 dB) NPRB 5  SNR 50.5 dB CCE fail 0
UE 0388: MAC:    TX           4130 RX          33609 bytes
UE 0388: LCID 1: TX            541 RX            284 bytes
UE 0388: LCID 2: TX              0 RX              0 bytes
UE 0388: LCID 4: TX             12 RX            216 bytes

[0m[NR_MAC]   Frame.Slot 256.0
UE RNTI 0388 CU-UE-ID 1 in-sync PH 48 dB PCMAX 20 dBm, average RSRP -44 (16 meas)
UE 0388: dlsch_rounds 179/0/0/0, dlsch_errors 0, pucch0_DTX 0, BLER 0.00000 MCS (0) 0 CCE fail 2
UE 0388: ulsch_rounds 1657/0/0/0, ulsch_errors 0, ulsch_DTX 0, BLER 0.00000 MCS (0) 0 (Qm 2 deltaMCS 0 dB) NPRB 5  SNR 50.5 dB CCE fail 0
UE 0388: MAC:    TX           4151 RX          33869 bytes
UE 0388: LCID 1: TX            541 RX            284 bytes
UE 0388: LCID 2: TX              0 RX              0 bytes
UE 0388: LCID 4: TX             12 RX            216 bytes

[0m[NR_MAC]   Frame.Slot 384.0
UE RNTI 0388 CU-UE-ID 1 in-sync PH 48 dB PCMAX 20 dBm, average RSRP -44 (16 meas)
UE 0388: dlsch_rounds 181/0/0/0, dlsch_errors 0, pucch0_DTX 0, BLER 0.00000 MCS (0) 0 CCE fail 2
UE 0388: ulsch_rounds 1670/0/0/0, ulsch_errors 0, ulsch_DTX 0, BLER 0.00000 MCS (0) 0 (Qm 2 deltaMCS 0 dB) NPRB 5  SNR 50.5 dB CCE fail 0
UE 0388: MAC:    TX           4193 RX          34129 bytes
UE 0388: LCID 1: TX            541 RX            284 bytes
UE 0388: LCID 2: TX              0 RX              0 bytes
UE 0388: LCID 4: TX             12 RX            216 bytes

[0m[NR_MAC]   Frame.Slot 512.0
UE RNTI 0388 CU-UE-ID 1 in-sync PH 48 dB PCMAX 20 dBm, average RSRP -44 (16 meas)
UE 0388: dlsch_rounds 182/0/0/0, dlsch_errors 0, pucch0_DTX 0, BLER 0.00000 MCS (0) 0 CCE fail 2
UE 0388: ulsch_rounds 1682/0/0/0, ulsch_errors 0, ulsch_DTX 0, BLER 0.00000 MCS (0) 0 (Qm 2 deltaMCS 0 dB) NPRB 5  SNR 50.5 dB CCE fail 0
UE 0388: MAC:    TX           4214 RX          34369 bytes
UE 0388: LCID 1: TX            541 RX            284 bytes
UE 0388: LCID 2: TX              0 RX              0 bytes
UE 0388: LCID 4: TX             12 RX            216 bytes

[0m[NR_MAC]   Frame.Slot 640.0
UE RNTI 0388 CU-UE-ID 1 in-sync PH 48 dB PCMAX 20 dBm, average RSRP -44 (16 meas)
UE 0388: dlsch_rounds 183/0/0/0, dlsch_errors 0, pucch0_DTX 0, BLER 0.00000 MCS (0) 0 CCE fail 2
UE 0388: ulsch_rounds 1695/0/0/0, ulsch_errors 0, ulsch_DTX 0, BLER 0.00000 MCS (0) 0 (Qm 2 deltaMCS 0 dB) NPRB 5  SNR 50.5 dB CCE fail 0
UE 0388: MAC:    TX           4235 RX          34629 bytes
UE 0388: LCID 1: TX            541 RX            284 bytes
UE 0388: LCID 2: TX              0 RX              0 bytes
UE 0388: LCID 4: TX             12 RX            216 bytes

[0m[NR_MAC]   Frame.Slot 768.0
UE RNTI 0388 CU-UE-ID 1 in-sync PH 48 dB PCMAX 20 dBm, average RSRP -44 (16 meas)
UE 0388: dlsch_rounds 185/0/0/0, dlsch_errors 0, pucch0_DTX 0, BLER 0.00000 MCS (0) 0 CCE fail 2
UE 0388: ulsch_rounds 1708/0/0/0, ulsch_errors 0, ulsch_DTX 0, BLER 0.00000 MCS (0) 0 (Qm 2 deltaMCS 0 dB) NPRB 5  SNR 50.5 dB CCE fail 0
UE 0388: MAC:    TX           4277 RX          34889 bytes
UE 0388: LCID 1: TX            541 RX            284 bytes
UE 0388: LCID 2: TX              0 RX              0 bytes
UE 0388: LCID 4: TX             12 RX            216 bytes

[0m[NR_MAC]   Frame.Slot 896.0
UE RNTI 0388 CU-UE-ID 1 in-sync PH 48 dB PCMAX 20 dBm, average RSRP -44 (16 meas)
UE 0388: dlsch_rounds 186/0/0/0, dlsch_errors 0, pucch0_DTX 0, BLER 0.00000 MCS (0) 0 CCE fail 2
UE 0388: ulsch_rounds 1721/0/0/0, ulsch_errors 0, ulsch_DTX 0, BLER 0.00000 MCS (0) 0 (Qm 2 deltaMCS 0 dB) NPRB 5  SNR 50.5 dB CCE fail 0
UE 0388: MAC:    TX           4298 RX          35149 bytes
UE 0388: LCID 1: TX            541 RX            284 bytes
UE 0388: LCID 2: TX              0 RX              0 bytes
UE 0388: LCID 4: TX             12 RX            216 bytes

[0m[NR_MAC]   Frame.Slot 0.0
UE RNTI 0388 CU-UE-ID 1 in-sync PH 48 dB PCMAX 20 dBm, average RSRP -44 (16 meas)
UE 0388: dlsch_rounds 187/0/0/0, dlsch_errors 0, pucch0_DTX 0, BLER 0.00000 MCS (0) 0 CCE fail 2
UE 0388: ulsch_rounds 1734/0/0/0, ulsch_errors 0, ulsch_DTX 0, BLER 0.00000 MCS (0) 0 (Qm 2 deltaMCS 0 dB) NPRB 5  SNR 50.5 dB CCE fail 0
UE 0388: MAC:    TX           4319 RX          35409 bytes
UE 0388: LCID 1: TX            541 RX            284 bytes
UE 0388: LCID 2: TX              0 RX              0 bytes
UE 0388: LCID 4: TX             12 RX            216 bytes

[0m[NR_MAC]   Frame.Slot 128.0
UE RNTI 0388 CU-UE-ID 1 in-sync PH 48 dB PCMAX 20 dBm, average RSRP -44 (16 meas)
UE 0388: dlsch_rounds 188/0/0/0, dlsch_errors 0, pucch0_DTX 0, BLER 0.00000 MCS (0) 0 CCE fail 2
UE 0388: ulsch_rounds 1746/0/0/0, ulsch_errors 0, ulsch_DTX 0, BLER 0.00000 MCS (0) 0 (Qm 2 deltaMCS 0 dB) NPRB 5  SNR 50.5 dB CCE fail 0
UE 0388: MAC:    TX           4340 RX          35649 bytes
UE 0388: LCID 1: TX            541 RX            284 bytes
UE 0388: LCID 2: TX              0 RX              0 bytes
UE 0388: LCID 4: TX             12 RX            216 bytes

[0m[NR_MAC]   Frame.Slot 256.0
UE RNTI 0388 CU-UE-ID 1 in-sync PH 48 dB PCMAX 20 dBm, average RSRP -44 (16 meas)
UE 0388: dlsch_rounds 190/0/0/0, dlsch_errors 0, pucch0_DTX 0, BLER 0.00000 MCS (0) 0 CCE fail 2
UE 0388: ulsch_rounds 1759/0/0/0, ulsch_errors 0, ulsch_DTX 0, BLER 0.00000 MCS (0) 0 (Qm 2 deltaMCS 0 dB) NPRB 5  SNR 50.5 dB CCE fail 0
UE 0388: MAC:    TX           4382 RX          35909 bytes
UE 0388: LCID 1: TX            541 RX            284 bytes
UE 0388: LCID 2: TX              0 RX              0 bytes
UE 0388: LCID 4: TX             12 RX            216 bytes

[0m[NR_MAC]   Frame.Slot 384.0
UE RNTI 0388 CU-UE-ID 1 in-sync PH 48 dB PCMAX 20 dBm, average RSRP -44 (16 meas)
UE 0388: dlsch_rounds 191/0/0/0, dlsch_errors 0, pucch0_DTX 0, BLER 0.00000 MCS (0) 0 CCE fail 2
UE 0388: ulsch_rounds 1772/0/0/0, ulsch_errors 0, ulsch_DTX 0, BLER 0.00000 MCS (0) 0 (Qm 2 deltaMCS 0 dB) NPRB 5  SNR 50.5 dB CCE fail 0
UE 0388: MAC:    TX           4403 RX          36169 bytes
UE 0388: LCID 1: TX            541 RX            284 bytes
UE 0388: LCID 2: TX              0 RX              0 bytes
UE 0388: LCID 4: TX             12 RX            216 bytes

[0m[NR_MAC]   Frame.Slot 512.0
UE RNTI 0388 CU-UE-ID 1 in-sync PH 48 dB PCMAX 20 dBm, average RSRP -44 (16 meas)
UE 0388: dlsch_rounds 192/0/0/0, dlsch_errors 0, pucch0_DTX 0, BLER 0.00000 MCS (0) 0 CCE fail 2
UE 0388: ulsch_rounds 1785/0/0/0, ulsch_errors 0, ulsch_DTX 0, BLER 0.00000 MCS (0) 0 (Qm 2 deltaMCS 0 dB) NPRB 5  SNR 50.5 dB CCE fail 0
UE 0388: MAC:    TX           4424 RX          36429 bytes
UE 0388: LCID 1: TX            541 RX            284 bytes
UE 0388: LCID 2: TX              0 RX              0 bytes
UE 0388: LCID 4: TX             12 RX            216 bytes

[0m[NR_MAC]   Frame.Slot 640.0
UE RNTI 0388 CU-UE-ID 1 in-sync PH 48 dB PCMAX 20 dBm, average RSRP -44 (16 meas)
UE 0388: dlsch_rounds 193/0/0/0, dlsch_errors 0, pucch0_DTX 0, BLER 0.00000 MCS (0) 0 CCE fail 2
UE 0388: ulsch_rounds 1798/0/0/0, ulsch_errors 0, ulsch_DTX 0, BLER 0.00000 MCS (0) 0 (Qm 2 deltaMCS 0 dB) NPRB 5  SNR 50.5 dB CCE fail 0
UE 0388: MAC:    TX           4445 RX          36689 bytes
UE 0388: LCID 1: TX            541 RX            284 bytes
UE 0388: LCID 2: TX              0 RX              0 bytes
UE 0388: LCID 4: TX             12 RX            216 bytes

[0m[NR_MAC]   Frame.Slot 768.0
UE RNTI 0388 CU-UE-ID 1 in-sync PH 48 dB PCMAX 20 dBm, average RSRP -44 (16 meas)
UE 0388: dlsch_rounds 195/0/0/0, dlsch_errors 0, pucch0_DTX 0, BLER 0.00000 MCS (0) 0 CCE fail 2
UE 0388: ulsch_rounds 1810/0/0/0, ulsch_errors 0, ulsch_DTX 0, BLER 0.00000 MCS (0) 0 (Qm 2 deltaMCS 0 dB) NPRB 5  SNR 50.5 dB CCE fail 0
UE 0388: MAC:    TX           4487 RX          36929 bytes
UE 0388: LCID 1: TX            541 RX            284 bytes
UE 0388: LCID 2: TX              0 RX              0 bytes
UE 0388: LCID 4: TX             12 RX            216 bytes

[0m[NR_MAC]   Frame.Slot 896.0
UE RNTI 0388 CU-UE-ID 1 in-sync PH 48 dB PCMAX 20 dBm, average RSRP -44 (16 meas)
UE 0388: dlsch_rounds 196/0/0/0, dlsch_errors 0, pucch0_DTX 0, BLER 0.00000 MCS (0) 0 CCE fail 2
UE 0388: ulsch_rounds 1823/0/0/0, ulsch_errors 0, ulsch_DTX 0, BLER 0.00000 MCS (0) 0 (Qm 2 deltaMCS 0 dB) NPRB 5  SNR 50.5 dB CCE fail 0
UE 0388: MAC:    TX           4508 RX          37189 bytes
UE 0388: LCID 1: TX            541 RX            284 bytes
UE 0388: LCID 2: TX              0 RX              0 bytes
UE 0388: LCID 4: TX             12 RX            216 bytes

[0m[NR_MAC]   Frame.Slot 0.0
UE RNTI 0388 CU-UE-ID 1 in-sync PH 48 dB PCMAX 20 dBm, average RSRP -44 (16 meas)
UE 0388: dlsch_rounds 197/0/0/0, dlsch_errors 0, pucch0_DTX 0, BLER 0.00000 MCS (0) 0 CCE fail 2
UE 0388: ulsch_rounds 1836/0/0/0, ulsch_errors 0, ulsch_DTX 0, BLER 0.00000 MCS (0) 0 (Qm 2 deltaMCS 0 dB) NPRB 5  SNR 50.5 dB CCE fail 0
UE 0388: MAC:    TX           4529 RX          37449 bytes
UE 0388: LCID 1: TX            541 RX            284 bytes
UE 0388: LCID 2: TX              0 RX              0 bytes
UE 0388: LCID 4: TX             12 RX            216 bytes

[0m[NR_MAC]   Frame.Slot 128.0
UE RNTI 0388 CU-UE-ID 1 in-sync PH 48 dB PCMAX 20 dBm, average RSRP -44 (16 meas)
UE 0388: dlsch_rounds 199/0/0/0, dlsch_errors 0, pucch0_DTX 0, BLER 0.00000 MCS (0) 0 CCE fail 2
UE 0388: ulsch_rounds 1849/0/0/0, ulsch_errors 0, ulsch_DTX 0, BLER 0.00000 MCS (0) 0 (Qm 2 deltaMCS 0 dB) NPRB 5  SNR 50.5 dB CCE fail 0
UE 0388: MAC:    TX           4571 RX          37709 bytes
UE 0388: LCID 1: TX            541 RX            284 bytes
UE 0388: LCID 2: TX              0 RX              0 bytes
UE 0388: LCID 4: TX             12 RX            216 bytes

[0m[NR_MAC]   Frame.Slot 256.0
UE RNTI 0388 CU-UE-ID 1 in-sync PH 48 dB PCMAX 20 dBm, average RSRP -44 (16 meas)
UE 0388: dlsch_rounds 200/0/0/0, dlsch_errors 0, pucch0_DTX 0, BLER 0.00000 MCS (0) 0 CCE fail 2
UE 0388: ulsch_rounds 1862/0/0/0, ulsch_errors 0, ulsch_DTX 0, BLER 0.00000 MCS (0) 0 (Qm 2 deltaMCS 0 dB) NPRB 5  SNR 50.5 dB CCE fail 0
UE 0388: MAC:    TX           4592 RX          37969 bytes
UE 0388: LCID 1: TX            541 RX            284 bytes
UE 0388: LCID 2: TX              0 RX              0 bytes
UE 0388: LCID 4: TX             12 RX            216 bytes

[0m[NR_MAC]   Frame.Slot 384.0
UE RNTI 0388 CU-UE-ID 1 in-sync PH 48 dB PCMAX 20 dBm, average RSRP -44 (16 meas)
UE 0388: dlsch_rounds 201/0/0/0, dlsch_errors 0, pucch0_DTX 0, BLER 0.00000 MCS (0) 0 CCE fail 2
UE 0388: ulsch_rounds 1874/0/0/0, ulsch_errors 0, ulsch_DTX 0, BLER 0.00000 MCS (0) 0 (Qm 2 deltaMCS 0 dB) NPRB 5  SNR 50.5 dB CCE fail 0
UE 0388: MAC:    TX           4613 RX          38209 bytes
UE 0388: LCID 1: TX            541 RX            284 bytes
UE 0388: LCID 2: TX              0 RX              0 bytes
UE 0388: LCID 4: TX             12 RX            216 bytes

[0m[NR_MAC]   Frame.Slot 512.0
UE RNTI 0388 CU-UE-ID 1 in-sync PH 48 dB PCMAX 20 dBm, average RSRP -44 (16 meas)
UE 0388: dlsch_rounds 202/0/0/0, dlsch_errors 0, pucch0_DTX 0, BLER 0.00000 MCS (0) 0 CCE fail 2
UE 0388: ulsch_rounds 1887/0/0/0, ulsch_errors 0, ulsch_DTX 0, BLER 0.00000 MCS (0) 0 (Qm 2 deltaMCS 0 dB) NPRB 5  SNR 50.5 dB CCE fail 0
UE 0388: MAC:    TX           4634 RX          38469 bytes
UE 0388: LCID 1: TX            541 RX            284 bytes
UE 0388: LCID 2: TX              0 RX              0 bytes
UE 0388: LCID 4: TX             12 RX            216 bytes

[0m[NR_MAC]   Frame.Slot 640.0
UE RNTI 0388 CU-UE-ID 1 in-sync PH 48 dB PCMAX 20 dBm, average RSRP -44 (16 meas)
UE 0388: dlsch_rounds 204/0/0/0, dlsch_errors 0, pucch0_DTX 0, BLER 0.00000 MCS (0) 0 CCE fail 2
UE 0388: ulsch_rounds 1900/0/0/0, ulsch_errors 0, ulsch_DTX 0, BLER 0.00000 MCS (0) 0 (Qm 2 deltaMCS 0 dB) NPRB 5  SNR 50.5 dB CCE fail 0
UE 0388: MAC:    TX           4676 RX          38729 bytes
UE 0388: LCID 1: TX            541 RX            284 bytes
UE 0388: LCID 2: TX              0 RX              0 bytes
UE 0388: LCID 4: TX             12 RX            216 bytes

[0m[NR_MAC]   Frame.Slot 768.0
UE RNTI 0388 CU-UE-ID 1 in-sync PH 48 dB PCMAX 20 dBm, average RSRP -44 (16 meas)
UE 0388: dlsch_rounds 205/0/0/0, dlsch_errors 0, pucch0_DTX 0, BLER 0.00000 MCS (0) 0 CCE fail 2
UE 0388: ulsch_rounds 1913/0/0/0, ulsch_errors 0, ulsch_DTX 0, BLER 0.00000 MCS (0) 0 (Qm 2 deltaMCS 0 dB) NPRB 5  SNR 50.5 dB CCE fail 0
UE 0388: MAC:    TX           4697 RX          38989 bytes
UE 0388: LCID 1: TX            541 RX            284 bytes
UE 0388: LCID 2: TX              0 RX              0 bytes
UE 0388: LCID 4: TX             12 RX            216 bytes

[0m[NR_MAC]   Frame.Slot 896.0
UE RNTI 0388 CU-UE-ID 1 in-sync PH 48 dB PCMAX 20 dBm, average RSRP -44 (16 meas)
UE 0388: dlsch_rounds 206/0/0/0, dlsch_errors 0, pucch0_DTX 0, BLER 0.00000 MCS (0) 0 CCE fail 2
UE 0388: ulsch_rounds 1926/0/0/0, ulsch_errors 0, ulsch_DTX 0, BLER 0.00000 MCS (0) 0 (Qm 2 deltaMCS 0 dB) NPRB 5  SNR 50.5 dB CCE fail 0
UE 0388: MAC:    TX           4718 RX          39249 bytes
UE 0388: LCID 1: TX            541 RX            284 bytes
UE 0388: LCID 2: TX              0 RX              0 bytes
UE 0388: LCID 4: TX             12 RX            216 bytes

[0m[NR_MAC]   Frame.Slot 0.0
UE RNTI 0388 CU-UE-ID 1 in-sync PH 48 dB PCMAX 20 dBm, average RSRP -44 (16 meas)
UE 0388: dlsch_rounds 208/0/0/0, dlsch_errors 0, pucch0_DTX 0, BLER 0.00000 MCS (0) 0 CCE fail 2
UE 0388: ulsch_rounds 1938/0/0/0, ulsch_errors 0, ulsch_DTX 0, BLER 0.00000 MCS (0) 0 (Qm 2 deltaMCS 0 dB) NPRB 5  SNR 50.5 dB CCE fail 0
UE 0388: MAC:    TX           4760 RX          39489 bytes
UE 0388: LCID 1: TX            541 RX            284 bytes
UE 0388: LCID 2: TX              0 RX              0 bytes
UE 0388: LCID 4: TX             12 RX            216 bytes

[0m[NR_MAC]   Frame.Slot 128.0
UE RNTI 0388 CU-UE-ID 1 in-sync PH 48 dB PCMAX 20 dBm, average RSRP -44 (16 meas)
UE 0388: dlsch_rounds 209/0/0/0, dlsch_errors 0, pucch0_DTX 0, BLER 0.00000 MCS (0) 0 CCE fail 2
UE 0388: ulsch_rounds 1951/0/0/0, ulsch_errors 0, ulsch_DTX 0, BLER 0.00000 MCS (0) 0 (Qm 2 deltaMCS 0 dB) NPRB 5  SNR 50.5 dB CCE fail 0
UE 0388: MAC:    TX           4781 RX          39749 bytes
UE 0388: LCID 1: TX            541 RX            284 bytes
UE 0388: LCID 2: TX              0 RX              0 bytes
UE 0388: LCID 4: TX             12 RX            216 bytes

[0m[NR_MAC]   Frame.Slot 256.0
UE RNTI 0388 CU-UE-ID 1 in-sync PH 48 dB PCMAX 20 dBm, average RSRP -44 (16 meas)
UE 0388: dlsch_rounds 210/0/0/0, dlsch_errors 0, pucch0_DTX 0, BLER 0.00000 MCS (0) 0 CCE fail 2
UE 0388: ulsch_rounds 1964/0/0/0, ulsch_errors 0, ulsch_DTX 0, BLER 0.00000 MCS (0) 0 (Qm 2 deltaMCS 0 dB) NPRB 5  SNR 50.5 dB CCE fail 0
UE 0388: MAC:    TX           4802 RX          40009 bytes
UE 0388: LCID 1: TX            541 RX            284 bytes
UE 0388: LCID 2: TX              0 RX              0 bytes
UE 0388: LCID 4: TX             12 RX            216 bytes

[0m[NR_MAC]   Frame.Slot 384.0
UE RNTI 0388 CU-UE-ID 1 in-sync PH 48 dB PCMAX 20 dBm, average RSRP -44 (16 meas)
UE 0388: dlsch_rounds 211/0/0/0, dlsch_errors 0, pucch0_DTX 0, BLER 0.00000 MCS (0) 0 CCE fail 2
UE 0388: ulsch_rounds 1977/0/0/0, ulsch_errors 0, ulsch_DTX 0, BLER 0.00000 MCS (0) 0 (Qm 2 deltaMCS 0 dB) NPRB 5  SNR 50.5 dB CCE fail 0
UE 0388: MAC:    TX           4823 RX          40269 bytes
UE 0388: LCID 1: TX            541 RX            284 bytes
UE 0388: LCID 2: TX              0 RX              0 bytes
UE 0388: LCID 4: TX             12 RX            216 bytes

[0m[NR_MAC]   Frame.Slot 512.0
UE RNTI 0388 CU-UE-ID 1 in-sync PH 48 dB PCMAX 20 dBm, average RSRP -44 (16 meas)
UE 0388: dlsch_rounds 213/0/0/0, dlsch_errors 0, pucch0_DTX 0, BLER 0.00000 MCS (0) 0 CCE fail 2
UE 0388: ulsch_rounds 1990/0/0/0, ulsch_errors 0, ulsch_DTX 0, BLER 0.00000 MCS (0) 0 (Qm 2 deltaMCS 0 dB) NPRB 5  SNR 50.5 dB CCE fail 0
UE 0388: MAC:    TX           4865 RX          40529 bytes
UE 0388: LCID 1: TX            541 RX            284 bytes
UE 0388: LCID 2: TX              0 RX              0 bytes
UE 0388: LCID 4: TX             12 RX            216 bytes

[0m[NR_MAC]   Frame.Slot 640.0
UE RNTI 0388 CU-UE-ID 1 in-sync PH 48 dB PCMAX 20 dBm, average RSRP -44 (16 meas)
UE 0388: dlsch_rounds 214/0/0/0, dlsch_errors 0, pucch0_DTX 0, BLER 0.00000 MCS (0) 0 CCE fail 2
UE 0388: ulsch_rounds 2002/0/0/0, ulsch_errors 0, ulsch_DTX 0, BLER 0.00000 MCS (0) 0 (Qm 2 deltaMCS 0 dB) NPRB 5  SNR 50.5 dB CCE fail 0
UE 0388: MAC:    TX           4886 RX          40769 bytes
UE 0388: LCID 1: TX            541 RX            284 bytes
UE 0388: LCID 2: TX              0 RX              0 bytes
UE 0388: LCID 4: TX             12 RX            216 bytes

[0m[NR_MAC]   Frame.Slot 768.0
UE RNTI 0388 CU-UE-ID 1 in-sync PH 48 dB PCMAX 20 dBm, average RSRP -44 (16 meas)
UE 0388: dlsch_rounds 215/0/0/0, dlsch_errors 0, pucch0_DTX 0, BLER 0.00000 MCS (0) 0 CCE fail 2
UE 0388: ulsch_rounds 2015/0/0/0, ulsch_errors 0, ulsch_DTX 0, BLER 0.00000 MCS (0) 0 (Qm 2 deltaMCS 0 dB) NPRB 5  SNR 50.5 dB CCE fail 0
UE 0388: MAC:    TX           4907 RX          41029 bytes
UE 0388: LCID 1: TX            541 RX            284 bytes
UE 0388: LCID 2: TX              0 RX              0 bytes
UE 0388: LCID 4: TX             12 RX            216 bytes

[0m[NR_MAC]   Frame.Slot 896.0
UE RNTI 0388 CU-UE-ID 1 in-sync PH 48 dB PCMAX 20 dBm, average RSRP -44 (16 meas)
UE 0388: dlsch_rounds 217/0/0/0, dlsch_errors 0, pucch0_DTX 0, BLER 0.00000 MCS (0) 0 CCE fail 2
UE 0388: ulsch_rounds 2028/0/0/0, ulsch_errors 0, ulsch_DTX 0, BLER 0.00000 MCS (0) 0 (Qm 2 deltaMCS 0 dB) NPRB 5  SNR 50.5 dB CCE fail 0
UE 0388: MAC:    TX           4949 RX          41289 bytes
UE 0388: LCID 1: TX            541 RX            284 bytes
UE 0388: LCID 2: TX              0 RX              0 bytes
UE 0388: LCID 4: TX             12 RX            216 bytes

[0m[NR_MAC]   Frame.Slot 0.0
UE RNTI 0388 CU-UE-ID 1 in-sync PH 48 dB PCMAX 20 dBm, average RSRP -44 (16 meas)
UE 0388: dlsch_rounds 218/0/0/0, dlsch_errors 0, pucch0_DTX 0, BLER 0.00000 MCS (0) 0 CCE fail 2
UE 0388: ulsch_rounds 2041/0/0/0, ulsch_errors 0, ulsch_DTX 0, BLER 0.00000 MCS (0) 0 (Qm 2 deltaMCS 0 dB) NPRB 5  SNR 50.5 dB CCE fail 0
UE 0388: MAC:    TX           4970 RX          41549 bytes
UE 0388: LCID 1: TX            541 RX            284 bytes
UE 0388: LCID 2: TX              0 RX              0 bytes
UE 0388: LCID 4: TX             12 RX            216 bytes

[0m[NR_MAC]   Frame.Slot 128.0
UE RNTI 0388 CU-UE-ID 1 in-sync PH 48 dB PCMAX 20 dBm, average RSRP -44 (16 meas)
UE 0388: dlsch_rounds 219/0/0/0, dlsch_errors 0, pucch0_DTX 0, BLER 0.00000 MCS (0) 0 CCE fail 2
UE 0388: ulsch_rounds 2054/0/0/0, ulsch_errors 0, ulsch_DTX 0, BLER 0.00000 MCS (0) 0 (Qm 2 deltaMCS 0 dB) NPRB 5  SNR 50.5 dB CCE fail 0
UE 0388: MAC:    TX           4991 RX          41809 bytes
UE 0388: LCID 1: TX            541 RX            284 bytes
UE 0388: LCID 2: TX              0 RX              0 bytes
UE 0388: LCID 4: TX             12 RX            216 bytes

[0m[NR_MAC]   Frame.Slot 256.0
UE RNTI 0388 CU-UE-ID 1 in-sync PH 48 dB PCMAX 20 dBm, average RSRP -44 (16 meas)
UE 0388: dlsch_rounds 220/0/0/0, dlsch_errors 0, pucch0_DTX 0, BLER 0.00000 MCS (0) 0 CCE fail 2
UE 0388: ulsch_rounds 2066/0/0/0, ulsch_errors 0, ulsch_DTX 0, BLER 0.00000 MCS (0) 0 (Qm 2 deltaMCS 0 dB) NPRB 5  SNR 50.5 dB CCE fail 0
UE 0388: MAC:    TX           5012 RX          42049 bytes
UE 0388: LCID 1: TX            541 RX            284 bytes
UE 0388: LCID 2: TX              0 RX              0 bytes
UE 0388: LCID 4: TX             12 RX            216 bytes

[0m[NR_MAC]   Frame.Slot 384.0
UE RNTI 0388 CU-UE-ID 1 in-sync PH 48 dB PCMAX 20 dBm, average RSRP -44 (16 meas)
UE 0388: dlsch_rounds 222/0/0/0, dlsch_errors 0, pucch0_DTX 0, BLER 0.00000 MCS (0) 0 CCE fail 2
UE 0388: ulsch_rounds 2079/0/0/0, ulsch_errors 0, ulsch_DTX 0, BLER 0.00000 MCS (0) 0 (Qm 2 deltaMCS 0 dB) NPRB 5  SNR 50.5 dB CCE fail 0
UE 0388: MAC:    TX           5054 RX          42309 bytes
UE 0388: LCID 1: TX            541 RX            284 bytes
UE 0388: LCID 2: TX              0 RX              0 bytes
UE 0388: LCID 4: TX             12 RX            216 bytes

[0m[NR_MAC]   Frame.Slot 512.0
UE RNTI 0388 CU-UE-ID 1 in-sync PH 48 dB PCMAX 20 dBm, average RSRP -44 (16 meas)
UE 0388: dlsch_rounds 223/0/0/0, dlsch_errors 0, pucch0_DTX 0, BLER 0.00000 MCS (0) 0 CCE fail 2
UE 0388: ulsch_rounds 2092/0/0/0, ulsch_errors 0, ulsch_DTX 0, BLER 0.00000 MCS (0) 0 (Qm 2 deltaMCS 0 dB) NPRB 5  SNR 50.5 dB CCE fail 0
UE 0388: MAC:    TX           5075 RX          42569 bytes
UE 0388: LCID 1: TX            541 RX            284 bytes
UE 0388: LCID 2: TX              0 RX              0 bytes
UE 0388: LCID 4: TX             12 RX            216 bytes

[0m[NR_MAC]   Frame.Slot 640.0
UE RNTI 0388 CU-UE-ID 1 in-sync PH 48 dB PCMAX 20 dBm, average RSRP -44 (16 meas)
UE 0388: dlsch_rounds 224/0/0/0, dlsch_errors 0, pucch0_DTX 0, BLER 0.00000 MCS (0) 0 CCE fail 2
UE 0388: ulsch_rounds 2105/0/0/0, ulsch_errors 0, ulsch_DTX 0, BLER 0.00000 MCS (0) 0 (Qm 2 deltaMCS 0 dB) NPRB 5  SNR 50.5 dB CCE fail 0
UE 0388: MAC:    TX           5096 RX          42829 bytes
UE 0388: LCID 1: TX            541 RX            284 bytes
UE 0388: LCID 2: TX              0 RX              0 bytes
UE 0388: LCID 4: TX             12 RX            216 bytes

[0m[NR_MAC]   Frame.Slot 768.0
UE RNTI 0388 CU-UE-ID 1 in-sync PH 48 dB PCMAX 20 dBm, average RSRP -44 (16 meas)
UE 0388: dlsch_rounds 225/0/0/0, dlsch_errors 0, pucch0_DTX 0, BLER 0.00000 MCS (0) 0 CCE fail 2
UE 0388: ulsch_rounds 2118/0/0/0, ulsch_errors 0, ulsch_DTX 0, BLER 0.00000 MCS (0) 0 (Qm 2 deltaMCS 0 dB) NPRB 5  SNR 50.5 dB CCE fail 0
UE 0388: MAC:    TX           5117 RX          43089 bytes
UE 0388: LCID 1: TX            541 RX            284 bytes
UE 0388: LCID 2: TX              0 RX              0 bytes
UE 0388: LCID 4: TX             12 RX            216 bytes

[0m[NR_MAC]   Frame.Slot 896.0
UE RNTI 0388 CU-UE-ID 1 in-sync PH 48 dB PCMAX 20 dBm, average RSRP -44 (16 meas)
UE 0388: dlsch_rounds 227/0/0/0, dlsch_errors 0, pucch0_DTX 0, BLER 0.00000 MCS (0) 0 CCE fail 2
UE 0388: ulsch_rounds 2130/0/0/0, ulsch_errors 0, ulsch_DTX 0, BLER 0.00000 MCS (0) 0 (Qm 2 deltaMCS 0 dB) NPRB 5  SNR 50.5 dB CCE fail 0
UE 0388: MAC:    TX           5159 RX          43329 bytes
UE 0388: LCID 1: TX            541 RX            284 bytes
UE 0388: LCID 2: TX              0 RX              0 bytes
UE 0388: LCID 4: TX             12 RX            216 bytes

[0m[NR_MAC]   Frame.Slot 0.0
UE RNTI 0388 CU-UE-ID 1 in-sync PH 48 dB PCMAX 20 dBm, average RSRP -44 (16 meas)
UE 0388: dlsch_rounds 228/0/0/0, dlsch_errors 0, pucch0_DTX 0, BLER 0.00000 MCS (0) 0 CCE fail 2
UE 0388: ulsch_rounds 2143/0/0/0, ulsch_errors 0, ulsch_DTX 0, BLER 0.00000 MCS (0) 0 (Qm 2 deltaMCS 0 dB) NPRB 5  SNR 50.5 dB CCE fail 0
UE 0388: MAC:    TX           5180 RX          43589 bytes
UE 0388: LCID 1: TX            541 RX            284 bytes
UE 0388: LCID 2: TX              0 RX              0 bytes
UE 0388: LCID 4: TX             12 RX            216 bytes

[0m[NR_MAC]   Frame.Slot 128.0
UE RNTI 0388 CU-UE-ID 1 in-sync PH 48 dB PCMAX 20 dBm, average RSRP -44 (16 meas)
UE 0388: dlsch_rounds 229/0/0/0, dlsch_errors 0, pucch0_DTX 0, BLER 0.00000 MCS (0) 0 CCE fail 2
UE 0388: ulsch_rounds 2156/0/0/0, ulsch_errors 0, ulsch_DTX 0, BLER 0.00000 MCS (0) 0 (Qm 2 deltaMCS 0 dB) NPRB 5  SNR 50.5 dB CCE fail 0
UE 0388: MAC:    TX           5201 RX          43849 bytes
UE 0388: LCID 1: TX            541 RX            284 bytes
UE 0388: LCID 2: TX              0 RX              0 bytes
UE 0388: LCID 4: TX             12 RX            216 bytes

[0m[NR_MAC]   Frame.Slot 256.0
UE RNTI 0388 CU-UE-ID 1 in-sync PH 48 dB PCMAX 20 dBm, average RSRP -44 (16 meas)
UE 0388: dlsch_rounds 231/0/0/0, dlsch_errors 0, pucch0_DTX 0, BLER 0.00000 MCS (0) 0 CCE fail 2
UE 0388: ulsch_rounds 2169/0/0/0, ulsch_errors 0, ulsch_DTX 0, BLER 0.00000 MCS (0) 0 (Qm 2 deltaMCS 0 dB) NPRB 5  SNR 50.5 dB CCE fail 0
UE 0388: MAC:    TX           5243 RX          44109 bytes
UE 0388: LCID 1: TX            541 RX            284 bytes
UE 0388: LCID 2: TX              0 RX              0 bytes
UE 0388: LCID 4: TX             12 RX            216 bytes

[0m[NR_MAC]   Frame.Slot 384.0
UE RNTI 0388 CU-UE-ID 1 in-sync PH 48 dB PCMAX 20 dBm, average RSRP -44 (16 meas)
UE 0388: dlsch_rounds 232/0/0/0, dlsch_errors 0, pucch0_DTX 0, BLER 0.00000 MCS (0) 0 CCE fail 2
UE 0388: ulsch_rounds 2182/0/0/0, ulsch_errors 0, ulsch_DTX 0, BLER 0.00000 MCS (0) 0 (Qm 2 deltaMCS 0 dB) NPRB 5  SNR 50.5 dB CCE fail 0
UE 0388: MAC:    TX           5264 RX          44369 bytes
UE 0388: LCID 1: TX            541 RX            284 bytes
UE 0388: LCID 2: TX              0 RX              0 bytes
UE 0388: LCID 4: TX             12 RX            216 bytes

[0m[NR_MAC]   Frame.Slot 512.0
UE RNTI 0388 CU-UE-ID 1 in-sync PH 48 dB PCMAX 20 dBm, average RSRP -44 (16 meas)
UE 0388: dlsch_rounds 233/0/0/0, dlsch_errors 0, pucch0_DTX 0, BLER 0.00000 MCS (0) 0 CCE fail 2
UE 0388: ulsch_rounds 2194/0/0/0, ulsch_errors 0, ulsch_DTX 0, BLER 0.00000 MCS (0) 0 (Qm 2 deltaMCS 0 dB) NPRB 5  SNR 50.5 dB CCE fail 0
UE 0388: MAC:    TX           5285 RX          44609 bytes
UE 0388: LCID 1: TX            541 RX            284 bytes
UE 0388: LCID 2: TX              0 RX              0 bytes
UE 0388: LCID 4: TX             12 RX            216 bytes

[0m[NR_MAC]   Frame.Slot 640.0
UE RNTI 0388 CU-UE-ID 1 in-sync PH 48 dB PCMAX 20 dBm, average RSRP -44 (16 meas)
UE 0388: dlsch_rounds 234/0/0/0, dlsch_errors 0, pucch0_DTX 0, BLER 0.00000 MCS (0) 0 CCE fail 2
UE 0388: ulsch_rounds 2207/0/0/0, ulsch_errors 0, ulsch_DTX 0, BLER 0.00000 MCS (0) 0 (Qm 2 deltaMCS 0 dB) NPRB 5  SNR 50.5 dB CCE fail 0
UE 0388: MAC:    TX           5306 RX          44869 bytes
UE 0388: LCID 1: TX            541 RX            284 bytes
UE 0388: LCID 2: TX              0 RX              0 bytes
UE 0388: LCID 4: TX             12 RX            216 bytes

[0m[NR_MAC]   Frame.Slot 768.0
UE RNTI 0388 CU-UE-ID 1 in-sync PH 48 dB PCMAX 20 dBm, average RSRP -44 (16 meas)
UE 0388: dlsch_rounds 236/0/0/0, dlsch_errors 0, pucch0_DTX 0, BLER 0.00000 MCS (0) 0 CCE fail 2
UE 0388: ulsch_rounds 2220/0/0/0, ulsch_errors 0, ulsch_DTX 0, BLER 0.00000 MCS (0) 0 (Qm 2 deltaMCS 0 dB) NPRB 5  SNR 50.5 dB CCE fail 0
UE 0388: MAC:    TX           5348 RX          45129 bytes
UE 0388: LCID 1: TX            541 RX            284 bytes
UE 0388: LCID 2: TX              0 RX              0 bytes
UE 0388: LCID 4: TX             12 RX            216 bytes

[0m[NR_MAC]   Frame.Slot 896.0
UE RNTI 0388 CU-UE-ID 1 in-sync PH 48 dB PCMAX 20 dBm, average RSRP -44 (16 meas)
UE 0388: dlsch_rounds 237/0/0/0, dlsch_errors 0, pucch0_DTX 0, BLER 0.00000 MCS (0) 0 CCE fail 2
UE 0388: ulsch_rounds 2233/0/0/0, ulsch_errors 0, ulsch_DTX 0, BLER 0.00000 MCS (0) 0 (Qm 2 deltaMCS 0 dB) NPRB 5  SNR 50.5 dB CCE fail 0
UE 0388: MAC:    TX           5369 RX          45389 bytes
UE 0388: LCID 1: TX            541 RX            284 bytes
UE 0388: LCID 2: TX              0 RX              0 bytes
UE 0388: LCID 4: TX             12 RX            216 bytes

[0m[NR_MAC]   Frame.Slot 0.0
UE RNTI 0388 CU-UE-ID 1 in-sync PH 48 dB PCMAX 20 dBm, average RSRP -44 (16 meas)
UE 0388: dlsch_rounds 238/0/0/0, dlsch_errors 0, pucch0_DTX 0, BLER 0.00000 MCS (0) 0 CCE fail 2
UE 0388: ulsch_rounds 2246/0/0/0, ulsch_errors 0, ulsch_DTX 0, BLER 0.00000 MCS (0) 0 (Qm 2 deltaMCS 0 dB) NPRB 5  SNR 50.5 dB CCE fail 0
UE 0388: MAC:    TX           5390 RX          45649 bytes
UE 0388: LCID 1: TX            541 RX            284 bytes
UE 0388: LCID 2: TX              0 RX              0 bytes
UE 0388: LCID 4: TX             12 RX            216 bytes

[0m[NR_MAC]   Frame.Slot 128.0
UE RNTI 0388 CU-UE-ID 1 in-sync PH 48 dB PCMAX 20 dBm, average RSRP -44 (16 meas)
UE 0388: dlsch_rounds 240/0/0/0, dlsch_errors 0, pucch0_DTX 0, BLER 0.00000 MCS (0) 0 CCE fail 2
UE 0388: ulsch_rounds 2258/0/0/0, ulsch_errors 0, ulsch_DTX 0, BLER 0.00000 MCS (0) 0 (Qm 2 deltaMCS 0 dB) NPRB 5  SNR 50.5 dB CCE fail 0
UE 0388: MAC:    TX           5432 RX          45889 bytes
UE 0388: LCID 1: TX            541 RX            284 bytes
UE 0388: LCID 2: TX              0 RX              0 bytes
UE 0388: LCID 4: TX             12 RX            216 bytes

[0m[NR_MAC]   Frame.Slot 256.0
UE RNTI 0388 CU-UE-ID 1 in-sync PH 48 dB PCMAX 20 dBm, average RSRP -44 (16 meas)
UE 0388: dlsch_rounds 241/0/0/0, dlsch_errors 0, pucch0_DTX 0, BLER 0.00000 MCS (0) 0 CCE fail 2
UE 0388: ulsch_rounds 2271/0/0/0, ulsch_errors 0, ulsch_DTX 0, BLER 0.00000 MCS (0) 0 (Qm 2 deltaMCS 0 dB) NPRB 5  SNR 50.5 dB CCE fail 0
UE 0388: MAC:    TX           5453 RX          46149 bytes
UE 0388: LCID 1: TX            541 RX            284 bytes
UE 0388: LCID 2: TX              0 RX              0 bytes
UE 0388: LCID 4: TX             12 RX            216 bytes

[0m[NR_MAC]   Frame.Slot 384.0
UE RNTI 0388 CU-UE-ID 1 in-sync PH 48 dB PCMAX 20 dBm, average RSRP -44 (16 meas)
UE 0388: dlsch_rounds 242/0/0/0, dlsch_errors 0, pucch0_DTX 0, BLER 0.00000 MCS (0) 0 CCE fail 2
UE 0388: ulsch_rounds 2284/0/0/0, ulsch_errors 0, ulsch_DTX 0, BLER 0.00000 MCS (0) 0 (Qm 2 deltaMCS 0 dB) NPRB 5  SNR 50.5 dB CCE fail 0
UE 0388: MAC:    TX           5474 RX          46409 bytes
UE 0388: LCID 1: TX            541 RX            284 bytes
UE 0388: LCID 2: TX              0 RX              0 bytes
UE 0388: LCID 4: TX             12 RX            216 bytes

[0m[NR_MAC]   Frame.Slot 512.0
UE RNTI 0388 CU-UE-ID 1 in-sync PH 48 dB PCMAX 20 dBm, average RSRP -44 (16 meas)
UE 0388: dlsch_rounds 243/0/0/0, dlsch_errors 0, pucch0_DTX 0, BLER 0.00000 MCS (0) 0 CCE fail 2
UE 0388: ulsch_rounds 2297/0/0/0, ulsch_errors 0, ulsch_DTX 0, BLER 0.00000 MCS (0) 0 (Qm 2 deltaMCS 0 dB) NPRB 5  SNR 50.5 dB CCE fail 0
UE 0388: MAC:    TX           5495 RX          46669 bytes
UE 0388: LCID 1: TX            541 RX            284 bytes
UE 0388: LCID 2: TX              0 RX              0 bytes
UE 0388: LCID 4: TX             12 RX            216 bytes

[0m[NR_MAC]   Frame.Slot 640.0
UE RNTI 0388 CU-UE-ID 1 in-sync PH 48 dB PCMAX 20 dBm, average RSRP -44 (16 meas)
UE 0388: dlsch_rounds 245/0/0/0, dlsch_errors 0, pucch0_DTX 0, BLER 0.00000 MCS (0) 0 CCE fail 2
UE 0388: ulsch_rounds 2310/0/0/0, ulsch_errors 0, ulsch_DTX 0, BLER 0.00000 MCS (0) 0 (Qm 2 deltaMCS 0 dB) NPRB 5  SNR 50.5 dB CCE fail 0
UE 0388: MAC:    TX           5537 RX          46929 bytes
UE 0388: LCID 1: TX            541 RX            284 bytes
UE 0388: LCID 2: TX              0 RX              0 bytes
UE 0388: LCID 4: TX             12 RX            216 bytes

[0m[NR_MAC]   Frame.Slot 768.0
UE RNTI 0388 CU-UE-ID 1 in-sync PH 48 dB PCMAX 20 dBm, average RSRP -44 (16 meas)
UE 0388: dlsch_rounds 246/0/0/0, dlsch_errors 0, pucch0_DTX 0, BLER 0.00000 MCS (0) 0 CCE fail 2
UE 0388: ulsch_rounds 2322/0/0/0, ulsch_errors 0, ulsch_DTX 0, BLER 0.00000 MCS (0) 0 (Qm 2 deltaMCS 0 dB) NPRB 5  SNR 50.5 dB CCE fail 0
UE 0388: MAC:    TX           5558 RX          47169 bytes
UE 0388: LCID 1: TX            541 RX            284 bytes
UE 0388: LCID 2: TX              0 RX              0 bytes
UE 0388: LCID 4: TX             12 RX            216 bytes

[0m[NR_MAC]   Frame.Slot 896.0
UE RNTI 0388 CU-UE-ID 1 in-sync PH 48 dB PCMAX 20 dBm, average RSRP -44 (16 meas)
UE 0388: dlsch_rounds 247/0/0/0, dlsch_errors 0, pucch0_DTX 0, BLER 0.00000 MCS (0) 0 CCE fail 2
UE 0388: ulsch_rounds 2335/0/0/0, ulsch_errors 0, ulsch_DTX 0, BLER 0.00000 MCS (0) 0 (Qm 2 deltaMCS 0 dB) NPRB 5  SNR 50.5 dB CCE fail 0
UE 0388: MAC:    TX           5579 RX          47429 bytes
UE 0388: LCID 1: TX            541 RX            284 bytes
UE 0388: LCID 2: TX              0 RX              0 bytes
UE 0388: LCID 4: TX             12 RX            216 bytes

[0m[NR_MAC]   Frame.Slot 0.0
UE RNTI 0388 CU-UE-ID 1 in-sync PH 48 dB PCMAX 20 dBm, average RSRP -44 (16 meas)
UE 0388: dlsch_rounds 249/0/0/0, dlsch_errors 0, pucch0_DTX 0, BLER 0.00000 MCS (0) 0 CCE fail 2
UE 0388: ulsch_rounds 2348/0/0/0, ulsch_errors 0, ulsch_DTX 0, BLER 0.00000 MCS (0) 0 (Qm 2 deltaMCS 0 dB) NPRB 5  SNR 50.5 dB CCE fail 0
UE 0388: MAC:    TX           5621 RX          47689 bytes
UE 0388: LCID 1: TX            541 RX            284 bytes
UE 0388: LCID 2: TX              0 RX              0 bytes
UE 0388: LCID 4: TX             12 RX            216 bytes

[0m[NR_MAC]   Frame.Slot 128.0
UE RNTI 0388 CU-UE-ID 1 in-sync PH 48 dB PCMAX 20 dBm, average RSRP -44 (16 meas)
UE 0388: dlsch_rounds 250/0/0/0, dlsch_errors 0, pucch0_DTX 0, BLER 0.00000 MCS (0) 0 CCE fail 2
UE 0388: ulsch_rounds 2361/0/0/0, ulsch_errors 0, ulsch_DTX 0, BLER 0.00000 MCS (0) 0 (Qm 2 deltaMCS 0 dB) NPRB 5  SNR 50.5 dB CCE fail 0
UE 0388: MAC:    TX           5642 RX          47949 bytes
UE 0388: LCID 1: TX            541 RX            284 bytes
UE 0388: LCID 2: TX              0 RX              0 bytes
UE 0388: LCID 4: TX             12 RX            216 bytes

[0m[NR_MAC]   Frame.Slot 256.0
UE RNTI 0388 CU-UE-ID 1 in-sync PH 48 dB PCMAX 20 dBm, average RSRP -44 (16 meas)
UE 0388: dlsch_rounds 251/0/0/0, dlsch_errors 0, pucch0_DTX 0, BLER 0.00000 MCS (0) 0 CCE fail 2
UE 0388: ulsch_rounds 2374/0/0/0, ulsch_errors 0, ulsch_DTX 0, BLER 0.00000 MCS (0) 0 (Qm 2 deltaMCS 0 dB) NPRB 5  SNR 50.5 dB CCE fail 0
UE 0388: MAC:    TX           5663 RX          48209 bytes
UE 0388: LCID 1: TX            541 RX            284 bytes
UE 0388: LCID 2: TX              0 RX              0 bytes
UE 0388: LCID 4: TX             12 RX            216 bytes

[0m[NR_MAC]   Frame.Slot 384.0
UE RNTI 0388 CU-UE-ID 1 in-sync PH 48 dB PCMAX 20 dBm, average RSRP -44 (16 meas)
UE 0388: dlsch_rounds 252/0/0/0, dlsch_errors 0, pucch0_DTX 0, BLER 0.00000 MCS (0) 0 CCE fail 2
UE 0388: ulsch_rounds 2386/0/0/0, ulsch_errors 0, ulsch_DTX 0, BLER 0.00000 MCS (0) 0 (Qm 2 deltaMCS 0 dB) NPRB 5  SNR 50.5 dB CCE fail 0
UE 0388: MAC:    TX           5684 RX          48449 bytes
UE 0388: LCID 1: TX            541 RX            284 bytes
UE 0388: LCID 2: TX              0 RX              0 bytes
UE 0388: LCID 4: TX             12 RX            216 bytes

[0m[NR_MAC]   Frame.Slot 512.0
UE RNTI 0388 CU-UE-ID 1 in-sync PH 48 dB PCMAX 20 dBm, average RSRP -44 (16 meas)
UE 0388: dlsch_rounds 254/0/0/0, dlsch_errors 0, pucch0_DTX 0, BLER 0.00000 MCS (0) 0 CCE fail 2
UE 0388: ulsch_rounds 2399/0/0/0, ulsch_errors 0, ulsch_DTX 0, BLER 0.00000 MCS (0) 0 (Qm 2 deltaMCS 0 dB) NPRB 5  SNR 50.5 dB CCE fail 0
UE 0388: MAC:    TX           5726 RX          48709 bytes
UE 0388: LCID 1: TX            541 RX            284 bytes
UE 0388: LCID 2: TX              0 RX              0 bytes
UE 0388: LCID 4: TX             12 RX            216 bytes

[0m[NR_MAC]   Frame.Slot 640.0
UE RNTI 0388 CU-UE-ID 1 in-sync PH 48 dB PCMAX 20 dBm, average RSRP -44 (16 meas)
UE 0388: dlsch_rounds 255/0/0/0, dlsch_errors 0, pucch0_DTX 0, BLER 0.00000 MCS (0) 0 CCE fail 2
UE 0388: ulsch_rounds 2412/0/0/0, ulsch_errors 0, ulsch_DTX 0, BLER 0.00000 MCS (0) 0 (Qm 2 deltaMCS 0 dB) NPRB 5  SNR 50.5 dB CCE fail 0
UE 0388: MAC:    TX           5747 RX          48969 bytes
UE 0388: LCID 1: TX            541 RX            284 bytes
UE 0388: LCID 2: TX              0 RX              0 bytes
UE 0388: LCID 4: TX             12 RX            216 bytes

[0m[NR_MAC]   Frame.Slot 768.0
UE RNTI 0388 CU-UE-ID 1 in-sync PH 48 dB PCMAX 20 dBm, average RSRP -44 (16 meas)
UE 0388: dlsch_rounds 256/0/0/0, dlsch_errors 0, pucch0_DTX 0, BLER 0.00000 MCS (0) 0 CCE fail 2
UE 0388: ulsch_rounds 2425/0/0/0, ulsch_errors 0, ulsch_DTX 0, BLER 0.00000 MCS (0) 0 (Qm 2 deltaMCS 0 dB) NPRB 5  SNR 50.5 dB CCE fail 0
UE 0388: MAC:    TX           5768 RX          49229 bytes
UE 0388: LCID 1: TX            541 RX            284 bytes
UE 0388: LCID 2: TX              0 RX              0 bytes
UE 0388: LCID 4: TX             12 RX            216 bytes

[0m[NR_MAC]   Frame.Slot 896.0
UE RNTI 0388 CU-UE-ID 1 in-sync PH 48 dB PCMAX 20 dBm, average RSRP -44 (16 meas)
UE 0388: dlsch_rounds 257/0/0/0, dlsch_errors 0, pucch0_DTX 0, BLER 0.00000 MCS (0) 0 CCE fail 2
UE 0388: ulsch_rounds 2438/0/0/0, ulsch_errors 0, ulsch_DTX 0, BLER 0.00000 MCS (0) 0 (Qm 2 deltaMCS 0 dB) NPRB 5  SNR 50.5 dB CCE fail 0
UE 0388: MAC:    TX           5789 RX          49489 bytes
UE 0388: LCID 1: TX            541 RX            284 bytes
UE 0388: LCID 2: TX              0 RX              0 bytes
UE 0388: LCID 4: TX             12 RX            216 bytes

[0m[NR_MAC]   Frame.Slot 0.0
UE RNTI 0388 CU-UE-ID 1 in-sync PH 48 dB PCMAX 20 dBm, average RSRP -44 (16 meas)
UE 0388: dlsch_rounds 259/0/0/0, dlsch_errors 0, pucch0_DTX 0, BLER 0.00000 MCS (0) 0 CCE fail 2
UE 0388: ulsch_rounds 2450/0/0/0, ulsch_errors 0, ulsch_DTX 0, BLER 0.00000 MCS (0) 0 (Qm 2 deltaMCS 0 dB) NPRB 5  SNR 50.5 dB CCE fail 0
UE 0388: MAC:    TX           5831 RX          49729 bytes
UE 0388: LCID 1: TX            541 RX            284 bytes
UE 0388: LCID 2: TX              0 RX              0 bytes
UE 0388: LCID 4: TX             12 RX            216 bytes

[0m[NR_MAC]   Frame.Slot 128.0
UE RNTI 0388 CU-UE-ID 1 in-sync PH 48 dB PCMAX 20 dBm, average RSRP -44 (16 meas)
UE 0388: dlsch_rounds 260/0/0/0, dlsch_errors 0, pucch0_DTX 0, BLER 0.00000 MCS (0) 0 CCE fail 2
UE 0388: ulsch_rounds 2463/0/0/0, ulsch_errors 0, ulsch_DTX 0, BLER 0.00000 MCS (0) 0 (Qm 2 deltaMCS 0 dB) NPRB 5  SNR 50.5 dB CCE fail 0
UE 0388: MAC:    TX           5852 RX          49989 bytes
UE 0388: LCID 1: TX            541 RX            284 bytes
UE 0388: LCID 2: TX              0 RX              0 bytes
UE 0388: LCID 4: TX             12 RX            216 bytes

[0m[NR_MAC]   Frame.Slot 256.0
UE RNTI 0388 CU-UE-ID 1 in-sync PH 48 dB PCMAX 20 dBm, average RSRP -44 (16 meas)
UE 0388: dlsch_rounds 261/0/0/0, dlsch_errors 0, pucch0_DTX 0, BLER 0.00000 MCS (0) 0 CCE fail 2
UE 0388: ulsch_rounds 2476/0/0/0, ulsch_errors 0, ulsch_DTX 0, BLER 0.00000 MCS (0) 0 (Qm 2 deltaMCS 0 dB) NPRB 5  SNR 50.5 dB CCE fail 0
UE 0388: MAC:    TX           5873 RX          50249 bytes
UE 0388: LCID 1: TX            541 RX            284 bytes
UE 0388: LCID 2: TX              0 RX              0 bytes
UE 0388: LCID 4: TX             12 RX            216 bytes

[0m[NR_MAC]   Frame.Slot 384.0
UE RNTI 0388 CU-UE-ID 1 in-sync PH 48 dB PCMAX 20 dBm, average RSRP -44 (16 meas)
UE 0388: dlsch_rounds 263/0/0/0, dlsch_errors 0, pucch0_DTX 0, BLER 0.00000 MCS (0) 0 CCE fail 2
UE 0388: ulsch_rounds 2489/0/0/0, ulsch_errors 0, ulsch_DTX 0, BLER 0.00000 MCS (0) 0 (Qm 2 deltaMCS 0 dB) NPRB 5  SNR 50.5 dB CCE fail 0
UE 0388: MAC:    TX           5915 RX          50509 bytes
UE 0388: LCID 1: TX            541 RX            284 bytes
UE 0388: LCID 2: TX              0 RX              0 bytes
UE 0388: LCID 4: TX             12 RX            216 bytes

[0m[NR_MAC]   Frame.Slot 512.0
UE RNTI 0388 CU-UE-ID 1 in-sync PH 48 dB PCMAX 20 dBm, average RSRP -44 (16 meas)
UE 0388: dlsch_rounds 264/0/0/0, dlsch_errors 0, pucch0_DTX 0, BLER 0.00000 MCS (0) 0 CCE fail 2
UE 0388: ulsch_rounds 2502/0/0/0, ulsch_errors 0, ulsch_DTX 0, BLER 0.00000 MCS (0) 0 (Qm 2 deltaMCS 0 dB) NPRB 5  SNR 50.5 dB CCE fail 0
UE 0388: MAC:    TX           5936 RX          50769 bytes
UE 0388: LCID 1: TX            541 RX            284 bytes
UE 0388: LCID 2: TX              0 RX              0 bytes
UE 0388: LCID 4: TX             12 RX            216 bytes

[0m[NR_MAC]   Frame.Slot 640.0
UE RNTI 0388 CU-UE-ID 1 in-sync PH 48 dB PCMAX 20 dBm, average RSRP -44 (16 meas)
UE 0388: dlsch_rounds 265/0/0/0, dlsch_errors 0, pucch0_DTX 0, BLER 0.00000 MCS (0) 0 CCE fail 2
UE 0388: ulsch_rounds 2514/0/0/0, ulsch_errors 0, ulsch_DTX 0, BLER 0.00000 MCS (0) 0 (Qm 2 deltaMCS 0 dB) NPRB 5  SNR 50.5 dB CCE fail 0
UE 0388: MAC:    TX           5957 RX          51009 bytes
UE 0388: LCID 1: TX            541 RX            284 bytes
UE 0388: LCID 2: TX              0 RX              0 bytes
UE 0388: LCID 4: TX             12 RX            216 bytes

[0m[NR_MAC]   Frame.Slot 768.0
UE RNTI 0388 CU-UE-ID 1 in-sync PH 48 dB PCMAX 20 dBm, average RSRP -44 (16 meas)
UE 0388: dlsch_rounds 266/0/0/0, dlsch_errors 0, pucch0_DTX 0, BLER 0.00000 MCS (0) 0 CCE fail 2
UE 0388: ulsch_rounds 2527/0/0/0, ulsch_errors 0, ulsch_DTX 0, BLER 0.00000 MCS (0) 0 (Qm 2 deltaMCS 0 dB) NPRB 5  SNR 50.5 dB CCE fail 0
UE 0388: MAC:    TX           5978 RX          51269 bytes
UE 0388: LCID 1: TX            541 RX            284 bytes
UE 0388: LCID 2: TX              0 RX              0 bytes
UE 0388: LCID 4: TX             12 RX            216 bytes

[0m[NR_MAC]   Frame.Slot 896.0
UE RNTI 0388 CU-UE-ID 1 in-sync PH 48 dB PCMAX 20 dBm, average RSRP -44 (16 meas)
UE 0388: dlsch_rounds 268/0/0/0, dlsch_errors 0, pucch0_DTX 0, BLER 0.00000 MCS (0) 0 CCE fail 2
UE 0388: ulsch_rounds 2540/0/0/0, ulsch_errors 0, ulsch_DTX 0, BLER 0.00000 MCS (0) 0 (Qm 2 deltaMCS 0 dB) NPRB 5  SNR 50.5 dB CCE fail 0
UE 0388: MAC:    TX           6020 RX          51529 bytes
UE 0388: LCID 1: TX            541 RX            284 bytes
UE 0388: LCID 2: TX              0 RX              0 bytes
UE 0388: LCID 4: TX             12 RX            216 bytes

[0m[NR_MAC]   Frame.Slot 0.0
UE RNTI 0388 CU-UE-ID 1 in-sync PH 48 dB PCMAX 20 dBm, average RSRP -44 (16 meas)
UE 0388: dlsch_rounds 269/0/0/0, dlsch_errors 0, pucch0_DTX 0, BLER 0.00000 MCS (0) 0 CCE fail 2
UE 0388: ulsch_rounds 2553/0/0/0, ulsch_errors 0, ulsch_DTX 0, BLER 0.00000 MCS (0) 0 (Qm 2 deltaMCS 0 dB) NPRB 5  SNR 50.5 dB CCE fail 0
UE 0388: MAC:    TX           6041 RX          51789 bytes
UE 0388: LCID 1: TX            541 RX            284 bytes
UE 0388: LCID 2: TX              0 RX              0 bytes
UE 0388: LCID 4: TX             12 RX            216 bytes

[0m[NR_MAC]   Frame.Slot 128.0
UE RNTI 0388 CU-UE-ID 1 in-sync PH 48 dB PCMAX 20 dBm, average RSRP -44 (16 meas)
UE 0388: dlsch_rounds 270/0/0/0, dlsch_errors 0, pucch0_DTX 0, BLER 0.00000 MCS (0) 0 CCE fail 2
UE 0388: ulsch_rounds 2566/0/0/0, ulsch_errors 0, ulsch_DTX 0, BLER 0.00000 MCS (0) 0 (Qm 2 deltaMCS 0 dB) NPRB 5  SNR 50.5 dB CCE fail 0
UE 0388: MAC:    TX           6062 RX          52049 bytes
UE 0388: LCID 1: TX            541 RX            284 bytes
UE 0388: LCID 2: TX              0 RX              0 bytes
UE 0388: LCID 4: TX             12 RX            216 bytes

[0m[NR_MAC]   Frame.Slot 256.0
UE RNTI 0388 CU-UE-ID 1 in-sync PH 48 dB PCMAX 20 dBm, average RSRP -44 (16 meas)
UE 0388: dlsch_rounds 272/0/0/0, dlsch_errors 0, pucch0_DTX 0, BLER 0.00000 MCS (0) 0 CCE fail 2
UE 0388: ulsch_rounds 2578/0/0/0, ulsch_errors 0, ulsch_DTX 0, BLER 0.00000 MCS (0) 0 (Qm 2 deltaMCS 0 dB) NPRB 5  SNR 50.5 dB CCE fail 0
UE 0388: MAC:    TX           6104 RX          52289 bytes
UE 0388: LCID 1: TX            541 RX            284 bytes
UE 0388: LCID 2: TX              0 RX              0 bytes
UE 0388: LCID 4: TX             12 RX            216 bytes

[0m[NR_MAC]   Frame.Slot 384.0
UE RNTI 0388 CU-UE-ID 1 in-sync PH 48 dB PCMAX 20 dBm, average RSRP -44 (16 meas)
UE 0388: dlsch_rounds 273/0/0/0, dlsch_errors 0, pucch0_DTX 0, BLER 0.00000 MCS (0) 0 CCE fail 2
UE 0388: ulsch_rounds 2591/0/0/0, ulsch_errors 0, ulsch_DTX 0, BLER 0.00000 MCS (0) 0 (Qm 2 deltaMCS 0 dB) NPRB 5  SNR 50.5 dB CCE fail 0
UE 0388: MAC:    TX           6125 RX          52549 bytes
UE 0388: LCID 1: TX            541 RX            284 bytes
UE 0388: LCID 2: TX              0 RX              0 bytes
UE 0388: LCID 4: TX             12 RX            216 bytes

[0m[NR_MAC]   Frame.Slot 512.0
UE RNTI 0388 CU-UE-ID 1 in-sync PH 48 dB PCMAX 20 dBm, average RSRP -44 (16 meas)
UE 0388: dlsch_rounds 274/0/0/0, dlsch_errors 0, pucch0_DTX 0, BLER 0.00000 MCS (0) 0 CCE fail 2
UE 0388: ulsch_rounds 2604/0/0/0, ulsch_errors 0, ulsch_DTX 0, BLER 0.00000 MCS (0) 0 (Qm 2 deltaMCS 0 dB) NPRB 5  SNR 50.5 dB CCE fail 0
UE 0388: MAC:    TX           6146 RX          52809 bytes
UE 0388: LCID 1: TX            541 RX            284 bytes
UE 0388: LCID 2: TX              0 RX              0 bytes
UE 0388: LCID 4: TX             12 RX            216 bytes

[0m[NR_MAC]   Frame.Slot 640.0
UE RNTI 0388 CU-UE-ID 1 in-sync PH 48 dB PCMAX 20 dBm, average RSRP -44 (16 meas)
UE 0388: dlsch_rounds 275/0/0/0, dlsch_errors 0, pucch0_DTX 0, BLER 0.00000 MCS (0) 0 CCE fail 2
UE 0388: ulsch_rounds 2617/0/0/0, ulsch_errors 0, ulsch_DTX 0, BLER 0.00000 MCS (0) 0 (Qm 2 deltaMCS 0 dB) NPRB 5  SNR 50.5 dB CCE fail 0
UE 0388: MAC:    TX           6167 RX          53069 bytes
UE 0388: LCID 1: TX            541 RX            284 bytes
UE 0388: LCID 2: TX              0 RX              0 bytes
UE 0388: LCID 4: TX             12 RX            216 bytes

[0m[NR_MAC]   Frame.Slot 768.0
UE RNTI 0388 CU-UE-ID 1 in-sync PH 48 dB PCMAX 20 dBm, average RSRP -44 (16 meas)
UE 0388: dlsch_rounds 277/0/0/0, dlsch_errors 0, pucch0_DTX 0, BLER 0.00000 MCS (0) 0 CCE fail 2
UE 0388: ulsch_rounds 2630/0/0/0, ulsch_errors 0, ulsch_DTX 0, BLER 0.00000 MCS (0) 0 (Qm 2 deltaMCS 0 dB) NPRB 5  SNR 50.5 dB CCE fail 0
UE 0388: MAC:    TX           6209 RX          53329 bytes
UE 0388: LCID 1: TX            541 RX            284 bytes
UE 0388: LCID 2: TX              0 RX              0 bytes
UE 0388: LCID 4: TX             12 RX            216 bytes

[0m[NR_MAC]   Frame.Slot 896.0
UE RNTI 0388 CU-UE-ID 1 in-sync PH 48 dB PCMAX 20 dBm, average RSRP -44 (16 meas)
UE 0388: dlsch_rounds 279/0/0/0, dlsch_errors 0, pucch0_DTX 0, BLER 0.00000 MCS (0) 0 CCE fail 2
UE 0388: ulsch_rounds 2648/0/0/0, ulsch_errors 0, ulsch_DTX 0, BLER 0.00000 MCS (0) 0 (Qm 2 deltaMCS 0 dB) NPRB 5  SNR 50.5 dB CCE fail 0
UE 0388: MAC:    TX           6251 RX          53815 bytes
UE 0388: LCID 1: TX            541 RX            284 bytes
UE 0388: LCID 2: TX              0 RX              0 bytes
UE 0388: LCID 4: TX             15 RX            270 bytes

[0m[NR_MAC]   Frame.Slot 0.0
UE RNTI 0388 CU-UE-ID 1 in-sync PH 48 dB PCMAX 20 dBm, average RSRP -44 (16 meas)
UE 0388: dlsch_rounds 280/0/0/0, dlsch_errors 0, pucch0_DTX 0, BLER 0.00000 MCS (0) 0 CCE fail 2
UE 0388: ulsch_rounds 2661/0/0/0, ulsch_errors 0, ulsch_DTX 0, BLER 0.00000 MCS (0) 0 (Qm 2 deltaMCS 0 dB) NPRB 5  SNR 50.5 dB CCE fail 0
UE 0388: MAC:    TX           6272 RX          54075 bytes
UE 0388: LCID 1: TX            541 RX            284 bytes
UE 0388: LCID 2: TX              0 RX              0 bytes
UE 0388: LCID 4: TX             15 RX            270 bytes

[0m[NR_MAC]   Frame.Slot 128.0
UE RNTI 0388 CU-UE-ID 1 in-sync PH 48 dB PCMAX 20 dBm, average RSRP -44 (16 meas)
UE 0388: dlsch_rounds 282/0/0/0, dlsch_errors 0, pucch0_DTX 0, BLER 0.00000 MCS (0) 0 CCE fail 2
UE 0388: ulsch_rounds 2674/0/0/0, ulsch_errors 0, ulsch_DTX 0, BLER 0.00000 MCS (0) 0 (Qm 2 deltaMCS 0 dB) NPRB 5  SNR 50.5 dB CCE fail 0
UE 0388: MAC:    TX           6314 RX          54335 bytes
UE 0388: LCID 1: TX            541 RX            284 bytes
UE 0388: LCID 2: TX              0 RX              0 bytes
UE 0388: LCID 4: TX             15 RX            270 bytes

[0m[NR_MAC]   Frame.Slot 256.0
UE RNTI 0388 CU-UE-ID 1 in-sync PH 48 dB PCMAX 20 dBm, average RSRP -44 (16 meas)
UE 0388: dlsch_rounds 283/0/0/0, dlsch_errors 0, pucch0_DTX 0, BLER 0.00000 MCS (0) 0 CCE fail 2
UE 0388: ulsch_rounds 2687/0/0/0, ulsch_errors 0, ulsch_DTX 0, BLER 0.00000 MCS (0) 0 (Qm 2 deltaMCS 0 dB) NPRB 5  SNR 50.5 dB CCE fail 0
UE 0388: MAC:    TX           6335 RX          54595 bytes
UE 0388: LCID 1: TX            541 RX            284 bytes
UE 0388: LCID 2: TX              0 RX              0 bytes
UE 0388: LCID 4: TX             15 RX            270 bytes

[0m[NR_MAC]   Frame.Slot 384.0
UE RNTI 0388 CU-UE-ID 1 in-sync PH 48 dB PCMAX 20 dBm, average RSRP -44 (16 meas)
UE 0388: dlsch_rounds 284/0/0/0, dlsch_errors 0, pucch0_DTX 0, BLER 0.00000 MCS (0) 0 CCE fail 2
UE 0388: ulsch_rounds 2699/0/0/0, ulsch_errors 0, ulsch_DTX 0, BLER 0.00000 MCS (0) 0 (Qm 2 deltaMCS 0 dB) NPRB 5  SNR 50.5 dB CCE fail 0
UE 0388: MAC:    TX           6356 RX          54835 bytes
UE 0388: LCID 1: TX            541 RX            284 bytes
UE 0388: LCID 2: TX              0 RX              0 bytes
UE 0388: LCID 4: TX             15 RX            270 bytes

[0m[NR_MAC]   Frame.Slot 512.0
UE RNTI 0388 CU-UE-ID 1 in-sync PH 48 dB PCMAX 20 dBm, average RSRP -44 (16 meas)
UE 0388: dlsch_rounds 285/0/0/0, dlsch_errors 0, pucch0_DTX 0, BLER 0.00000 MCS (0) 0 CCE fail 2
UE 0388: ulsch_rounds 2712/0/0/0, ulsch_errors 0, ulsch_DTX 0, BLER 0.00000 MCS (0) 0 (Qm 2 deltaMCS 0 dB) NPRB 5  SNR 50.5 dB CCE fail 0
UE 0388: MAC:    TX           6377 RX          55095 bytes
UE 0388: LCID 1: TX            541 RX            284 bytes
UE 0388: LCID 2: TX              0 RX              0 bytes
UE 0388: LCID 4: TX             15 RX            270 bytes

[0m[NR_MAC]   Frame.Slot 640.0
UE RNTI 0388 CU-UE-ID 1 in-sync PH 48 dB PCMAX 20 dBm, average RSRP -44 (16 meas)
UE 0388: dlsch_rounds 287/0/0/0, dlsch_errors 0, pucch0_DTX 0, BLER 0.00000 MCS (0) 0 CCE fail 2
UE 0388: ulsch_rounds 2725/0/0/0, ulsch_errors 0, ulsch_DTX 0, BLER 0.00000 MCS (0) 0 (Qm 2 deltaMCS 0 dB) NPRB 5  SNR 50.5 dB CCE fail 0
UE 0388: MAC:    TX           6419 RX          55355 bytes
UE 0388: LCID 1: TX            541 RX            284 bytes
UE 0388: LCID 2: TX              0 RX              0 bytes
UE 0388: LCID 4: TX             15 RX            270 bytes

[0m[NR_MAC]   Frame.Slot 768.0
UE RNTI 0388 CU-UE-ID 1 in-sync PH 48 dB PCMAX 20 dBm, average RSRP -44 (16 meas)
UE 0388: dlsch_rounds 288/0/0/0, dlsch_errors 0, pucch0_DTX 0, BLER 0.00000 MCS (0) 0 CCE fail 2
UE 0388: ulsch_rounds 2738/0/0/0, ulsch_errors 0, ulsch_DTX 0, BLER 0.00000 MCS (0) 0 (Qm 2 deltaMCS 0 dB) NPRB 5  SNR 50.5 dB CCE fail 0
UE 0388: MAC:    TX           6440 RX          55615 bytes
UE 0388: LCID 1: TX            541 RX            284 bytes
UE 0388: LCID 2: TX              0 RX              0 bytes
UE 0388: LCID 4: TX             15 RX            270 bytes

[0m[NR_MAC]   Frame.Slot 896.0
UE RNTI 0388 CU-UE-ID 1 in-sync PH 48 dB PCMAX 20 dBm, average RSRP -44 (16 meas)
UE 0388: dlsch_rounds 289/0/0/0, dlsch_errors 0, pucch0_DTX 0, BLER 0.00000 MCS (0) 0 CCE fail 2
UE 0388: ulsch_rounds 2751/0/0/0, ulsch_errors 0, ulsch_DTX 0, BLER 0.00000 MCS (0) 0 (Qm 2 deltaMCS 0 dB) NPRB 5  SNR 50.5 dB CCE fail 0
UE 0388: MAC:    TX           6461 RX          55875 bytes
UE 0388: LCID 1: TX            541 RX            284 bytes
UE 0388: LCID 2: TX              0 RX              0 bytes
UE 0388: LCID 4: TX             15 RX            270 bytes

[0m[NR_MAC]   Frame.Slot 0.0
UE RNTI 0388 CU-UE-ID 1 in-sync PH 48 dB PCMAX 20 dBm, average RSRP -44 (16 meas)
UE 0388: dlsch_rounds 290/0/0/0, dlsch_errors 0, pucch0_DTX 0, BLER 0.00000 MCS (0) 0 CCE fail 2
UE 0388: ulsch_rounds 2763/0/0/0, ulsch_errors 0, ulsch_DTX 0, BLER 0.00000 MCS (0) 0 (Qm 2 deltaMCS 0 dB) NPRB 5  SNR 50.5 dB CCE fail 0
UE 0388: MAC:    TX           6482 RX          56115 bytes
UE 0388: LCID 1: TX            541 RX            284 bytes
UE 0388: LCID 2: TX              0 RX              0 bytes
UE 0388: LCID 4: TX             15 RX            270 bytes

[0m[NR_MAC]   Frame.Slot 128.0
UE RNTI 0388 CU-UE-ID 1 in-sync PH 48 dB PCMAX 20 dBm, average RSRP -44 (16 meas)
UE 0388: dlsch_rounds 292/0/0/0, dlsch_errors 0, pucch0_DTX 0, BLER 0.00000 MCS (0) 0 CCE fail 2
UE 0388: ulsch_rounds 2776/0/0/0, ulsch_errors 0, ulsch_DTX 0, BLER 0.00000 MCS (0) 0 (Qm 2 deltaMCS 0 dB) NPRB 5  SNR 50.5 dB CCE fail 0
UE 0388: MAC:    TX           6524 RX          56375 bytes
UE 0388: LCID 1: TX            541 RX            284 bytes
UE 0388: LCID 2: TX              0 RX              0 bytes
UE 0388: LCID 4: TX             15 RX            270 bytes

[0m[NR_MAC]   Frame.Slot 256.0
UE RNTI 0388 CU-UE-ID 1 in-sync PH 48 dB PCMAX 20 dBm, average RSRP -44 (16 meas)
UE 0388: dlsch_rounds 293/0/0/0, dlsch_errors 0, pucch0_DTX 0, BLER 0.00000 MCS (0) 0 CCE fail 2
UE 0388: ulsch_rounds 2789/0/0/0, ulsch_errors 0, ulsch_DTX 0, BLER 0.00000 MCS (0) 0 (Qm 2 deltaMCS 0 dB) NPRB 5  SNR 50.5 dB CCE fail 0
UE 0388: MAC:    TX           6545 RX          56635 bytes
UE 0388: LCID 1: TX            541 RX            284 bytes
UE 0388: LCID 2: TX              0 RX              0 bytes
UE 0388: LCID 4: TX             15 RX            270 bytes

[0m[NR_MAC]   Frame.Slot 384.0
UE RNTI 0388 CU-UE-ID 1 in-sync PH 48 dB PCMAX 20 dBm, average RSRP -44 (16 meas)
UE 0388: dlsch_rounds 294/0/0/0, dlsch_errors 0, pucch0_DTX 0, BLER 0.00000 MCS (0) 0 CCE fail 2
UE 0388: ulsch_rounds 2802/0/0/0, ulsch_errors 0, ulsch_DTX 0, BLER 0.00000 MCS (0) 0 (Qm 2 deltaMCS 0 dB) NPRB 5  SNR 50.5 dB CCE fail 0
UE 0388: MAC:    TX           6566 RX          56895 bytes
UE 0388: LCID 1: TX            541 RX            284 bytes
UE 0388: LCID 2: TX              0 RX              0 bytes
UE 0388: LCID 4: TX             15 RX            270 bytes

[0m[NR_MAC]   Frame.Slot 512.0
UE RNTI 0388 CU-UE-ID 1 in-sync PH 48 dB PCMAX 20 dBm, average RSRP -44 (16 meas)
UE 0388: dlsch_rounds 296/0/0/0, dlsch_errors 0, pucch0_DTX 0, BLER 0.00000 MCS (0) 0 CCE fail 2
UE 0388: ulsch_rounds 2815/0/0/0, ulsch_errors 0, ulsch_DTX 0, BLER 0.00000 MCS (0) 0 (Qm 2 deltaMCS 0 dB) NPRB 5  SNR 50.5 dB CCE fail 0
UE 0388: MAC:    TX           6608 RX          57155 bytes
UE 0388: LCID 1: TX            541 RX            284 bytes
UE 0388: LCID 2: TX              0 RX              0 bytes
UE 0388: LCID 4: TX             15 RX            270 bytes

[0m[NR_MAC]   Frame.Slot 640.0
UE RNTI 0388 CU-UE-ID 1 in-sync PH 48 dB PCMAX 20 dBm, average RSRP -44 (16 meas)
UE 0388: dlsch_rounds 297/0/0/0, dlsch_errors 0, pucch0_DTX 0, BLER 0.00000 MCS (0) 0 CCE fail 2
UE 0388: ulsch_rounds 2827/0/0/0, ulsch_errors 0, ulsch_DTX 0, BLER 0.00000 MCS (0) 0 (Qm 2 deltaMCS 0 dB) NPRB 5  SNR 50.5 dB CCE fail 0
UE 0388: MAC:    TX           6629 RX          57395 bytes
UE 0388: LCID 1: TX            541 RX            284 bytes
UE 0388: LCID 2: TX              0 RX              0 bytes
UE 0388: LCID 4: TX             15 RX            270 bytes

[0m[NR_MAC]   Frame.Slot 768.0
UE RNTI 0388 CU-UE-ID 1 in-sync PH 48 dB PCMAX 20 dBm, average RSRP -44 (16 meas)
UE 0388: dlsch_rounds 298/0/0/0, dlsch_errors 0, pucch0_DTX 0, BLER 0.00000 MCS (0) 0 CCE fail 2
UE 0388: ulsch_rounds 2840/0/0/0, ulsch_errors 0, ulsch_DTX 0, BLER 0.00000 MCS (0) 0 (Qm 2 deltaMCS 0 dB) NPRB 5  SNR 50.5 dB CCE fail 0
UE 0388: MAC:    TX           6650 RX          57655 bytes
UE 0388: LCID 1: TX            541 RX            284 bytes
UE 0388: LCID 2: TX              0 RX              0 bytes
UE 0388: LCID 4: TX             15 RX            270 bytes

[0m[NR_MAC]   Frame.Slot 896.0
UE RNTI 0388 CU-UE-ID 1 in-sync PH 48 dB PCMAX 20 dBm, average RSRP -44 (16 meas)
UE 0388: dlsch_rounds 299/0/0/0, dlsch_errors 0, pucch0_DTX 0, BLER 0.00000 MCS (0) 0 CCE fail 2
UE 0388: ulsch_rounds 2853/0/0/0, ulsch_errors 0, ulsch_DTX 0, BLER 0.00000 MCS (0) 0 (Qm 2 deltaMCS 0 dB) NPRB 5  SNR 50.5 dB CCE fail 0
UE 0388: MAC:    TX           6671 RX          57915 bytes
UE 0388: LCID 1: TX            541 RX            284 bytes
UE 0388: LCID 2: TX              0 RX              0 bytes
UE 0388: LCID 4: TX             15 RX            270 bytes

[0m[NR_MAC]   Frame.Slot 0.0
UE RNTI 0388 CU-UE-ID 1 in-sync PH 48 dB PCMAX 20 dBm, average RSRP -44 (16 meas)
UE 0388: dlsch_rounds 301/0/0/0, dlsch_errors 0, pucch0_DTX 0, BLER 0.00000 MCS (0) 0 CCE fail 2
UE 0388: ulsch_rounds 2866/0/0/0, ulsch_errors 0, ulsch_DTX 0, BLER 0.00000 MCS (0) 0 (Qm 2 deltaMCS 0 dB) NPRB 5  SNR 50.5 dB CCE fail 0
UE 0388: MAC:    TX           6713 RX          58175 bytes
UE 0388: LCID 1: TX            541 RX            284 bytes
UE 0388: LCID 2: TX              0 RX              0 bytes
UE 0388: LCID 4: TX             15 RX            270 bytes

[0m[NR_MAC]   Frame.Slot 128.0
UE RNTI 0388 CU-UE-ID 1 in-sync PH 48 dB PCMAX 20 dBm, average RSRP -44 (16 meas)
UE 0388: dlsch_rounds 302/0/0/0, dlsch_errors 0, pucch0_DTX 0, BLER 0.00000 MCS (0) 0 CCE fail 2
UE 0388: ulsch_rounds 2879/0/0/0, ulsch_errors 0, ulsch_DTX 0, BLER 0.00000 MCS (0) 0 (Qm 2 deltaMCS 0 dB) NPRB 5  SNR 50.5 dB CCE fail 0
UE 0388: MAC:    TX           6734 RX          58435 bytes
UE 0388: LCID 1: TX            541 RX            284 bytes
UE 0388: LCID 2: TX              0 RX              0 bytes
UE 0388: LCID 4: TX             15 RX            270 bytes

[0m[NR_MAC]   Frame.Slot 256.0
UE RNTI 0388 CU-UE-ID 1 in-sync PH 48 dB PCMAX 20 dBm, average RSRP -44 (16 meas)
UE 0388: dlsch_rounds 303/0/0/0, dlsch_errors 0, pucch0_DTX 0, BLER 0.00000 MCS (0) 0 CCE fail 2
UE 0388: ulsch_rounds 2891/0/0/0, ulsch_errors 0, ulsch_DTX 0, BLER 0.00000 MCS (0) 0 (Qm 2 deltaMCS 0 dB) NPRB 5  SNR 50.5 dB CCE fail 0
UE 0388: MAC:    TX           6755 RX          58675 bytes
UE 0388: LCID 1: TX            541 RX            284 bytes
UE 0388: LCID 2: TX              0 RX              0 bytes
UE 0388: LCID 4: TX             15 RX            270 bytes

[0m[NR_MAC]   Frame.Slot 384.0
UE RNTI 0388 CU-UE-ID 1 in-sync PH 48 dB PCMAX 20 dBm, average RSRP -44 (16 meas)
UE 0388: dlsch_rounds 305/0/0/0, dlsch_errors 0, pucch0_DTX 0, BLER 0.00000 MCS (0) 0 CCE fail 2
UE 0388: ulsch_rounds 2904/0/0/0, ulsch_errors 0, ulsch_DTX 0, BLER 0.00000 MCS (0) 0 (Qm 2 deltaMCS 0 dB) NPRB 5  SNR 50.5 dB CCE fail 0
UE 0388: MAC:    TX           6797 RX          58935 bytes
UE 0388: LCID 1: TX            541 RX            284 bytes
UE 0388: LCID 2: TX              0 RX              0 bytes
UE 0388: LCID 4: TX             15 RX            270 bytes

[0m[NR_MAC]   Frame.Slot 512.0
UE RNTI 0388 CU-UE-ID 1 in-sync PH 48 dB PCMAX 20 dBm, average RSRP -44 (16 meas)
UE 0388: dlsch_rounds 306/0/0/0, dlsch_errors 0, pucch0_DTX 0, BLER 0.00000 MCS (0) 0 CCE fail 2
UE 0388: ulsch_rounds 2917/0/0/0, ulsch_errors 0, ulsch_DTX 0, BLER 0.00000 MCS (0) 0 (Qm 2 deltaMCS 0 dB) NPRB 5  SNR 50.5 dB CCE fail 0
UE 0388: MAC:    TX           6818 RX          59195 bytes
UE 0388: LCID 1: TX            541 RX            284 bytes
UE 0388: LCID 2: TX              0 RX              0 bytes
UE 0388: LCID 4: TX             15 RX            270 bytes

[0m[NR_MAC]   Frame.Slot 640.0
UE RNTI 0388 CU-UE-ID 1 in-sync PH 48 dB PCMAX 20 dBm, average RSRP -44 (16 meas)
UE 0388: dlsch_rounds 307/0/0/0, dlsch_errors 0, pucch0_DTX 0, BLER 0.00000 MCS (0) 0 CCE fail 2
UE 0388: ulsch_rounds 2930/0/0/0, ulsch_errors 0, ulsch_DTX 0, BLER 0.00000 MCS (0) 0 (Qm 2 deltaMCS 0 dB) NPRB 5  SNR 50.5 dB CCE fail 0
UE 0388: MAC:    TX           6839 RX          59455 bytes
UE 0388: LCID 1: TX            541 RX            284 bytes
UE 0388: LCID 2: TX              0 RX              0 bytes
UE 0388: LCID 4: TX             15 RX            270 bytes

[0m[NR_MAC]   Frame.Slot 768.0
UE RNTI 0388 CU-UE-ID 1 in-sync PH 48 dB PCMAX 20 dBm, average RSRP -44 (16 meas)
UE 0388: dlsch_rounds 308/0/0/0, dlsch_errors 0, pucch0_DTX 0, BLER 0.00000 MCS (0) 0 CCE fail 2
UE 0388: ulsch_rounds 2943/0/0/0, ulsch_errors 0, ulsch_DTX 0, BLER 0.00000 MCS (0) 0 (Qm 2 deltaMCS 0 dB) NPRB 5  SNR 50.5 dB CCE fail 0
UE 0388: MAC:    TX           6860 RX          59715 bytes
UE 0388: LCID 1: TX            541 RX            284 bytes
UE 0388: LCID 2: TX              0 RX              0 bytes
UE 0388: LCID 4: TX             15 RX            270 bytes

[0m[NR_MAC]   Frame.Slot 896.0
UE RNTI 0388 CU-UE-ID 1 in-sync PH 48 dB PCMAX 20 dBm, average RSRP -44 (16 meas)
UE 0388: dlsch_rounds 310/0/0/0, dlsch_errors 0, pucch0_DTX 0, BLER 0.00000 MCS (0) 0 CCE fail 2
UE 0388: ulsch_rounds 2955/0/0/0, ulsch_errors 0, ulsch_DTX 0, BLER 0.00000 MCS (0) 0 (Qm 2 deltaMCS 0 dB) NPRB 5  SNR 50.5 dB CCE fail 0
UE 0388: MAC:    TX           6902 RX          59955 bytes
UE 0388: LCID 1: TX            541 RX            284 bytes
UE 0388: LCID 2: TX              0 RX              0 bytes
UE 0388: LCID 4: TX             15 RX            270 bytes

[0m[NR_MAC]   Frame.Slot 0.0
UE RNTI 0388 CU-UE-ID 1 in-sync PH 48 dB PCMAX 20 dBm, average RSRP -44 (16 meas)
UE 0388: dlsch_rounds 311/0/0/0, dlsch_errors 0, pucch0_DTX 0, BLER 0.00000 MCS (0) 0 CCE fail 2
UE 0388: ulsch_rounds 2968/0/0/0, ulsch_errors 0, ulsch_DTX 0, BLER 0.00000 MCS (0) 0 (Qm 2 deltaMCS 0 dB) NPRB 5  SNR 50.5 dB CCE fail 0
UE 0388: MAC:    TX           6923 RX          60215 bytes
UE 0388: LCID 1: TX            541 RX            284 bytes
UE 0388: LCID 2: TX              0 RX              0 bytes
UE 0388: LCID 4: TX             15 RX            270 bytes

[0m[NR_MAC]   Frame.Slot 128.0
UE RNTI 0388 CU-UE-ID 1 in-sync PH 48 dB PCMAX 20 dBm, average RSRP -44 (16 meas)
UE 0388: dlsch_rounds 312/0/0/0, dlsch_errors 0, pucch0_DTX 0, BLER 0.00000 MCS (0) 0 CCE fail 2
UE 0388: ulsch_rounds 2981/0/0/0, ulsch_errors 0, ulsch_DTX 0, BLER 0.00000 MCS (0) 0 (Qm 2 deltaMCS 0 dB) NPRB 5  SNR 50.5 dB CCE fail 0
UE 0388: MAC:    TX           6944 RX          60475 bytes
UE 0388: LCID 1: TX            541 RX            284 bytes
UE 0388: LCID 2: TX              0 RX              0 bytes
UE 0388: LCID 4: TX             15 RX            270 bytes

[0m[NR_MAC]   Frame.Slot 256.0
UE RNTI 0388 CU-UE-ID 1 in-sync PH 48 dB PCMAX 20 dBm, average RSRP -44 (16 meas)
UE 0388: dlsch_rounds 314/0/0/0, dlsch_errors 0, pucch0_DTX 0, BLER 0.00000 MCS (0) 0 CCE fail 2
UE 0388: ulsch_rounds 2994/0/0/0, ulsch_errors 0, ulsch_DTX 0, BLER 0.00000 MCS (0) 0 (Qm 2 deltaMCS 0 dB) NPRB 5  SNR 50.5 dB CCE fail 0
UE 0388: MAC:    TX           6986 RX          60735 bytes
UE 0388: LCID 1: TX            541 RX            284 bytes
UE 0388: LCID 2: TX              0 RX              0 bytes
UE 0388: LCID 4: TX             15 RX            270 bytes

[0m[NR_MAC]   Frame.Slot 384.0
UE RNTI 0388 CU-UE-ID 1 in-sync PH 48 dB PCMAX 20 dBm, average RSRP -44 (16 meas)
UE 0388: dlsch_rounds 315/0/0/0, dlsch_errors 0, pucch0_DTX 0, BLER 0.00000 MCS (0) 0 CCE fail 2
UE 0388: ulsch_rounds 3007/0/0/0, ulsch_errors 0, ulsch_DTX 0, BLER 0.00000 MCS (0) 0 (Qm 2 deltaMCS 0 dB) NPRB 5  SNR 50.5 dB CCE fail 0
UE 0388: MAC:    TX           7007 RX          60995 bytes
UE 0388: LCID 1: TX            541 RX            284 bytes
UE 0388: LCID 2: TX              0 RX              0 bytes
UE 0388: LCID 4: TX             15 RX            270 bytes

[0m[NR_MAC]   Frame.Slot 512.0
UE RNTI 0388 CU-UE-ID 1 in-sync PH 48 dB PCMAX 20 dBm, average RSRP -44 (16 meas)
UE 0388: dlsch_rounds 316/0/0/0, dlsch_errors 0, pucch0_DTX 0, BLER 0.00000 MCS (0) 0 CCE fail 2
UE 0388: ulsch_rounds 3019/0/0/0, ulsch_errors 0, ulsch_DTX 0, BLER 0.00000 MCS (0) 0 (Qm 2 deltaMCS 0 dB) NPRB 5  SNR 50.5 dB CCE fail 0
UE 0388: MAC:    TX           7028 RX          61235 bytes
UE 0388: LCID 1: TX            541 RX            284 bytes
UE 0388: LCID 2: TX              0 RX              0 bytes
UE 0388: LCID 4: TX             15 RX            270 bytes

[0m[NR_MAC]   Frame.Slot 640.0
UE RNTI 0388 CU-UE-ID 1 in-sync PH 48 dB PCMAX 20 dBm, average RSRP -44 (16 meas)
UE 0388: dlsch_rounds 317/0/0/0, dlsch_errors 0, pucch0_DTX 0, BLER 0.00000 MCS (0) 0 CCE fail 2
UE 0388: ulsch_rounds 3032/0/0/0, ulsch_errors 0, ulsch_DTX 0, BLER 0.00000 MCS (0) 0 (Qm 2 deltaMCS 0 dB) NPRB 5  SNR 50.5 dB CCE fail 0
UE 0388: MAC:    TX           7049 RX          61495 bytes
UE 0388: LCID 1: TX            541 RX            284 bytes
UE 0388: LCID 2: TX              0 RX              0 bytes
UE 0388: LCID 4: TX             15 RX            270 bytes

[0m[NR_MAC]   Frame.Slot 768.0
UE RNTI 0388 CU-UE-ID 1 in-sync PH 48 dB PCMAX 20 dBm, average RSRP -44 (16 meas)
UE 0388: dlsch_rounds 319/0/0/0, dlsch_errors 0, pucch0_DTX 0, BLER 0.00000 MCS (0) 0 CCE fail 2
UE 0388: ulsch_rounds 3045/0/0/0, ulsch_errors 0, ulsch_DTX 0, BLER 0.00000 MCS (0) 0 (Qm 2 deltaMCS 0 dB) NPRB 5  SNR 50.5 dB CCE fail 0
UE 0388: MAC:    TX           7091 RX          61755 bytes
UE 0388: LCID 1: TX            541 RX            284 bytes
UE 0388: LCID 2: TX              0 RX              0 bytes
UE 0388: LCID 4: TX             15 RX            270 bytes

[0m[NR_MAC]   Frame.Slot 896.0
UE RNTI 0388 CU-UE-ID 1 in-sync PH 48 dB PCMAX 20 dBm, average RSRP -44 (16 meas)
UE 0388: dlsch_rounds 320/0/0/0, dlsch_errors 0, pucch0_DTX 0, BLER 0.00000 MCS (0) 0 CCE fail 2
UE 0388: ulsch_rounds 3058/0/0/0, ulsch_errors 0, ulsch_DTX 0, BLER 0.00000 MCS (0) 0 (Qm 2 deltaMCS 0 dB) NPRB 5  SNR 50.5 dB CCE fail 0
UE 0388: MAC:    TX           7112 RX          62015 bytes
UE 0388: LCID 1: TX            541 RX            284 bytes
UE 0388: LCID 2: TX              0 RX              0 bytes
UE 0388: LCID 4: TX             15 RX            270 bytes

[0m[NR_MAC]   Frame.Slot 0.0
UE RNTI 0388 CU-UE-ID 1 in-sync PH 48 dB PCMAX 20 dBm, average RSRP -44 (16 meas)
UE 0388: dlsch_rounds 321/0/0/0, dlsch_errors 0, pucch0_DTX 0, BLER 0.00000 MCS (0) 0 CCE fail 2
UE 0388: ulsch_rounds 3071/0/0/0, ulsch_errors 0, ulsch_DTX 0, BLER 0.00000 MCS (0) 0 (Qm 2 deltaMCS 0 dB) NPRB 5  SNR 50.5 dB CCE fail 0
UE 0388: MAC:    TX           7133 RX          62275 bytes
UE 0388: LCID 1: TX            541 RX            284 bytes
UE 0388: LCID 2: TX              0 RX              0 bytes
UE 0388: LCID 4: TX             15 RX            270 bytes

[0m[NR_MAC]   Frame.Slot 128.0
UE RNTI 0388 CU-UE-ID 1 in-sync PH 48 dB PCMAX 20 dBm, average RSRP -44 (16 meas)
UE 0388: dlsch_rounds 322/0/0/0, dlsch_errors 0, pucch0_DTX 0, BLER 0.00000 MCS (0) 0 CCE fail 2
UE 0388: ulsch_rounds 3083/0/0/0, ulsch_errors 0, ulsch_DTX 0, BLER 0.00000 MCS (0) 0 (Qm 2 deltaMCS 0 dB) NPRB 5  SNR 50.5 dB CCE fail 0
UE 0388: MAC:    TX           7154 RX          62515 bytes
UE 0388: LCID 1: TX            541 RX            284 bytes
UE 0388: LCID 2: TX              0 RX              0 bytes
UE 0388: LCID 4: TX             15 RX            270 bytes

[0m[NR_MAC]   Frame.Slot 256.0
UE RNTI 0388 CU-UE-ID 1 in-sync PH 48 dB PCMAX 20 dBm, average RSRP -44 (16 meas)
UE 0388: dlsch_rounds 324/0/0/0, dlsch_errors 0, pucch0_DTX 0, BLER 0.00000 MCS (0) 0 CCE fail 2
UE 0388: ulsch_rounds 3096/0/0/0, ulsch_errors 0, ulsch_DTX 0, BLER 0.00000 MCS (0) 0 (Qm 2 deltaMCS 0 dB) NPRB 5  SNR 50.5 dB CCE fail 0
UE 0388: MAC:    TX           7196 RX          62775 bytes
UE 0388: LCID 1: TX            541 RX            284 bytes
UE 0388: LCID 2: TX              0 RX              0 bytes
UE 0388: LCID 4: TX             15 RX            270 bytes

[0m[NR_MAC]   Frame.Slot 384.0
UE RNTI 0388 CU-UE-ID 1 in-sync PH 48 dB PCMAX 20 dBm, average RSRP -44 (16 meas)
UE 0388: dlsch_rounds 325/0/0/0, dlsch_errors 0, pucch0_DTX 0, BLER 0.00000 MCS (0) 0 CCE fail 2
UE 0388: ulsch_rounds 3109/0/0/0, ulsch_errors 0, ulsch_DTX 0, BLER 0.00000 MCS (0) 0 (Qm 2 deltaMCS 0 dB) NPRB 5  SNR 50.5 dB CCE fail 0
UE 0388: MAC:    TX           7217 RX          63035 bytes
UE 0388: LCID 1: TX            541 RX            284 bytes
UE 0388: LCID 2: TX              0 RX              0 bytes
UE 0388: LCID 4: TX             15 RX            270 bytes

[0m[NR_MAC]   Frame.Slot 512.0
UE RNTI 0388 CU-UE-ID 1 in-sync PH 48 dB PCMAX 20 dBm, average RSRP -44 (16 meas)
UE 0388: dlsch_rounds 326/0/0/0, dlsch_errors 0, pucch0_DTX 0, BLER 0.00000 MCS (0) 0 CCE fail 2
UE 0388: ulsch_rounds 3122/0/0/0, ulsch_errors 0, ulsch_DTX 0, BLER 0.00000 MCS (0) 0 (Qm 2 deltaMCS 0 dB) NPRB 5  SNR 50.5 dB CCE fail 0
UE 0388: MAC:    TX           7238 RX          63295 bytes
UE 0388: LCID 1: TX            541 RX            284 bytes
UE 0388: LCID 2: TX              0 RX              0 bytes
UE 0388: LCID 4: TX             15 RX            270 bytes

[0m[NR_MAC]   Frame.Slot 640.0
UE RNTI 0388 CU-UE-ID 1 in-sync PH 48 dB PCMAX 20 dBm, average RSRP -44 (16 meas)
UE 0388: dlsch_rounds 328/0/0/0, dlsch_errors 0, pucch0_DTX 0, BLER 0.00000 MCS (0) 0 CCE fail 2
UE 0388: ulsch_rounds 3135/0/0/0, ulsch_errors 0, ulsch_DTX 0, BLER 0.00000 MCS (0) 0 (Qm 2 deltaMCS 0 dB) NPRB 5  SNR 50.5 dB CCE fail 0
UE 0388: MAC:    TX           7280 RX          63555 bytes
UE 0388: LCID 1: TX            541 RX            284 bytes
UE 0388: LCID 2: TX              0 RX              0 bytes
UE 0388: LCID 4: TX             15 RX            270 bytes

[0m[NR_MAC]   Frame.Slot 768.0
UE RNTI 0388 CU-UE-ID 1 in-sync PH 48 dB PCMAX 20 dBm, average RSRP -44 (16 meas)
UE 0388: dlsch_rounds 329/0/0/0, dlsch_errors 0, pucch0_DTX 0, BLER 0.00000 MCS (0) 0 CCE fail 2
UE 0388: ulsch_rounds 3147/0/0/0, ulsch_errors 0, ulsch_DTX 0, BLER 0.00000 MCS (0) 0 (Qm 2 deltaMCS 0 dB) NPRB 5  SNR 50.5 dB CCE fail 0
UE 0388: MAC:    TX           7301 RX          63795 bytes
UE 0388: LCID 1: TX            541 RX            284 bytes
UE 0388: LCID 2: TX              0 RX              0 bytes
UE 0388: LCID 4: TX             15 RX            270 bytes

[0m[NR_MAC]   Frame.Slot 896.0
UE RNTI 0388 CU-UE-ID 1 in-sync PH 48 dB PCMAX 20 dBm, average RSRP -44 (16 meas)
UE 0388: dlsch_rounds 330/0/0/0, dlsch_errors 0, pucch0_DTX 0, BLER 0.00000 MCS (0) 0 CCE fail 2
UE 0388: ulsch_rounds 3160/0/0/0, ulsch_errors 0, ulsch_DTX 0, BLER 0.00000 MCS (0) 0 (Qm 2 deltaMCS 0 dB) NPRB 5  SNR 50.5 dB CCE fail 0
UE 0388: MAC:    TX           7322 RX          64055 bytes
UE 0388: LCID 1: TX            541 RX            284 bytes
UE 0388: LCID 2: TX              0 RX              0 bytes
UE 0388: LCID 4: TX             15 RX            270 bytes

[0m[NR_MAC]   Frame.Slot 0.0
UE RNTI 0388 CU-UE-ID 1 in-sync PH 48 dB PCMAX 20 dBm, average RSRP -44 (16 meas)
UE 0388: dlsch_rounds 331/0/0/0, dlsch_errors 0, pucch0_DTX 0, BLER 0.00000 MCS (0) 0 CCE fail 2
UE 0388: ulsch_rounds 3173/0/0/0, ulsch_errors 0, ulsch_DTX 0, BLER 0.00000 MCS (0) 0 (Qm 2 deltaMCS 0 dB) NPRB 5  SNR 50.5 dB CCE fail 0
UE 0388: MAC:    TX           7343 RX          64315 bytes
UE 0388: LCID 1: TX            541 RX            284 bytes
UE 0388: LCID 2: TX              0 RX              0 bytes
UE 0388: LCID 4: TX             15 RX            270 bytes

[0m[NR_MAC]   Frame.Slot 128.0
UE RNTI 0388 CU-UE-ID 1 in-sync PH 48 dB PCMAX 20 dBm, average RSRP -44 (16 meas)
UE 0388: dlsch_rounds 333/0/0/0, dlsch_errors 0, pucch0_DTX 0, BLER 0.00000 MCS (0) 0 CCE fail 2
UE 0388: ulsch_rounds 3186/0/0/0, ulsch_errors 0, ulsch_DTX 0, BLER 0.00000 MCS (0) 0 (Qm 2 deltaMCS 0 dB) NPRB 5  SNR 50.5 dB CCE fail 0
UE 0388: MAC:    TX           7385 RX          64575 bytes
UE 0388: LCID 1: TX            541 RX            284 bytes
UE 0388: LCID 2: TX              0 RX              0 bytes
UE 0388: LCID 4: TX             15 RX            270 bytes

[0m[NR_MAC]   Frame.Slot 256.0
UE RNTI 0388 CU-UE-ID 1 in-sync PH 48 dB PCMAX 20 dBm, average RSRP -44 (16 meas)
UE 0388: dlsch_rounds 334/0/0/0, dlsch_errors 0, pucch0_DTX 0, BLER 0.00000 MCS (0) 0 CCE fail 2
UE 0388: ulsch_rounds 3199/0/0/0, ulsch_errors 0, ulsch_DTX 0, BLER 0.00000 MCS (0) 0 (Qm 2 deltaMCS 0 dB) NPRB 5  SNR 50.5 dB CCE fail 0
UE 0388: MAC:    TX           7406 RX          64835 bytes
UE 0388: LCID 1: TX            541 RX            284 bytes
UE 0388: LCID 2: TX              0 RX              0 bytes
UE 0388: LCID 4: TX             15 RX            270 bytes

[0m[NR_MAC]   Frame.Slot 384.0
UE RNTI 0388 CU-UE-ID 1 in-sync PH 48 dB PCMAX 20 dBm, average RSRP -44 (16 meas)
UE 0388: dlsch_rounds 335/0/0/0, dlsch_errors 0, pucch0_DTX 0, BLER 0.00000 MCS (0) 0 CCE fail 2
UE 0388: ulsch_rounds 3211/0/0/0, ulsch_errors 0, ulsch_DTX 0, BLER 0.00000 MCS (0) 0 (Qm 2 deltaMCS 0 dB) NPRB 5  SNR 50.5 dB CCE fail 0
UE 0388: MAC:    TX           7427 RX          65075 bytes
UE 0388: LCID 1: TX            541 RX            284 bytes
UE 0388: LCID 2: TX              0 RX              0 bytes
UE 0388: LCID 4: TX             15 RX            270 bytes

[0m[NR_MAC]   Frame.Slot 512.0
UE RNTI 0388 CU-UE-ID 1 in-sync PH 48 dB PCMAX 20 dBm, average RSRP -44 (16 meas)
UE 0388: dlsch_rounds 337/0/0/0, dlsch_errors 0, pucch0_DTX 0, BLER 0.00000 MCS (0) 0 CCE fail 2
UE 0388: ulsch_rounds 3224/0/0/0, ulsch_errors 0, ulsch_DTX 0, BLER 0.00000 MCS (0) 0 (Qm 2 deltaMCS 0 dB) NPRB 5  SNR 50.5 dB CCE fail 0
UE 0388: MAC:    TX           7469 RX          65335 bytes
UE 0388: LCID 1: TX            541 RX            284 bytes
UE 0388: LCID 2: TX              0 RX              0 bytes
UE 0388: LCID 4: TX             15 RX            270 bytes

[0m[NR_MAC]   Frame.Slot 640.0
UE RNTI 0388 CU-UE-ID 1 in-sync PH 48 dB PCMAX 20 dBm, average RSRP -44 (16 meas)
UE 0388: dlsch_rounds 338/0/0/0, dlsch_errors 0, pucch0_DTX 0, BLER 0.00000 MCS (0) 0 CCE fail 2
UE 0388: ulsch_rounds 3237/0/0/0, ulsch_errors 0, ulsch_DTX 0, BLER 0.00000 MCS (0) 0 (Qm 2 deltaMCS 0 dB) NPRB 5  SNR 50.5 dB CCE fail 0
UE 0388: MAC:    TX           7490 RX          65595 bytes
UE 0388: LCID 1: TX            541 RX            284 bytes
UE 0388: LCID 2: TX              0 RX              0 bytes
UE 0388: LCID 4: TX             15 RX            270 bytes

[0m[NR_MAC]   Frame.Slot 768.0
UE RNTI 0388 CU-UE-ID 1 in-sync PH 48 dB PCMAX 20 dBm, average RSRP -44 (16 meas)
UE 0388: dlsch_rounds 339/0/0/0, dlsch_errors 0, pucch0_DTX 0, BLER 0.00000 MCS (0) 0 CCE fail 2
UE 0388: ulsch_rounds 3250/0/0/0, ulsch_errors 0, ulsch_DTX 0, BLER 0.00000 MCS (0) 0 (Qm 2 deltaMCS 0 dB) NPRB 5  SNR 50.5 dB CCE fail 0
UE 0388: MAC:    TX           7511 RX          65855 bytes
UE 0388: LCID 1: TX            541 RX            284 bytes
UE 0388: LCID 2: TX              0 RX              0 bytes
UE 0388: LCID 4: TX             15 RX            270 bytes

[0m[NR_MAC]   Frame.Slot 896.0
UE RNTI 0388 CU-UE-ID 1 in-sync PH 48 dB PCMAX 20 dBm, average RSRP -44 (16 meas)
UE 0388: dlsch_rounds 340/0/0/0, dlsch_errors 0, pucch0_DTX 0, BLER 0.00000 MCS (0) 0 CCE fail 2
UE 0388: ulsch_rounds 3263/0/0/0, ulsch_errors 0, ulsch_DTX 0, BLER 0.00000 MCS (0) 0 (Qm 2 deltaMCS 0 dB) NPRB 5  SNR 50.5 dB CCE fail 0
UE 0388: MAC:    TX           7532 RX          66115 bytes
UE 0388: LCID 1: TX            541 RX            284 bytes
UE 0388: LCID 2: TX              0 RX              0 bytes
UE 0388: LCID 4: TX             15 RX            270 bytes

[0m[NR_MAC]   Frame.Slot 0.0
UE RNTI 0388 CU-UE-ID 1 in-sync PH 48 dB PCMAX 20 dBm, average RSRP -44 (16 meas)
UE 0388: dlsch_rounds 342/0/0/0, dlsch_errors 0, pucch0_DTX 0, BLER 0.00000 MCS (0) 0 CCE fail 2
UE 0388: ulsch_rounds 3275/0/0/0, ulsch_errors 0, ulsch_DTX 0, BLER 0.00000 MCS (0) 0 (Qm 2 deltaMCS 0 dB) NPRB 5  SNR 50.5 dB CCE fail 0
UE 0388: MAC:    TX           7574 RX          66355 bytes
UE 0388: LCID 1: TX            541 RX            284 bytes
UE 0388: LCID 2: TX              0 RX              0 bytes
UE 0388: LCID 4: TX             15 RX            270 bytes

[0m[NR_MAC]   Frame.Slot 128.0
UE RNTI 0388 CU-UE-ID 1 in-sync PH 48 dB PCMAX 20 dBm, average RSRP -44 (16 meas)
UE 0388: dlsch_rounds 343/0/0/0, dlsch_errors 0, pucch0_DTX 0, BLER 0.00000 MCS (0) 0 CCE fail 2
UE 0388: ulsch_rounds 3288/0/0/0, ulsch_errors 0, ulsch_DTX 0, BLER 0.00000 MCS (0) 0 (Qm 2 deltaMCS 0 dB) NPRB 5  SNR 50.5 dB CCE fail 0
UE 0388: MAC:    TX           7595 RX          66615 bytes
UE 0388: LCID 1: TX            541 RX            284 bytes
UE 0388: LCID 2: TX              0 RX              0 bytes
UE 0388: LCID 4: TX             15 RX            270 bytes

[0m[NR_MAC]   Frame.Slot 256.0
UE RNTI 0388 CU-UE-ID 1 in-sync PH 48 dB PCMAX 20 dBm, average RSRP -44 (16 meas)
UE 0388: dlsch_rounds 344/0/0/0, dlsch_errors 0, pucch0_DTX 0, BLER 0.00000 MCS (0) 0 CCE fail 2
UE 0388: ulsch_rounds 3301/0/0/0, ulsch_errors 0, ulsch_DTX 0, BLER 0.00000 MCS (0) 0 (Qm 2 deltaMCS 0 dB) NPRB 5  SNR 50.5 dB CCE fail 0
UE 0388: MAC:    TX           7616 RX          66875 bytes
UE 0388: LCID 1: TX            541 RX            284 bytes
UE 0388: LCID 2: TX              0 RX              0 bytes
UE 0388: LCID 4: TX             15 RX            270 bytes

[0m[NR_MAC]   Frame.Slot 384.0
UE RNTI 0388 CU-UE-ID 1 in-sync PH 48 dB PCMAX 20 dBm, average RSRP -44 (16 meas)
UE 0388: dlsch_rounds 346/0/0/0, dlsch_errors 0, pucch0_DTX 0, BLER 0.00000 MCS (0) 0 CCE fail 2
UE 0388: ulsch_rounds 3314/0/0/0, ulsch_errors 0, ulsch_DTX 0, BLER 0.00000 MCS (0) 0 (Qm 2 deltaMCS 0 dB) NPRB 5  SNR 50.5 dB CCE fail 0
UE 0388: MAC:    TX           7658 RX          67135 bytes
UE 0388: LCID 1: TX            541 RX            284 bytes
UE 0388: LCID 2: TX              0 RX              0 bytes
UE 0388: LCID 4: TX             15 RX            270 bytes

[0m[NR_MAC]   Frame.Slot 512.0
UE RNTI 0388 CU-UE-ID 1 in-sync PH 48 dB PCMAX 20 dBm, average RSRP -44 (16 meas)
UE 0388: dlsch_rounds 347/0/0/0, dlsch_errors 0, pucch0_DTX 0, BLER 0.00000 MCS (0) 0 CCE fail 2
UE 0388: ulsch_rounds 3327/0/0/0, ulsch_errors 0, ulsch_DTX 0, BLER 0.00000 MCS (0) 0 (Qm 2 deltaMCS 0 dB) NPRB 5  SNR 50.5 dB CCE fail 0
UE 0388: MAC:    TX           7679 RX          67395 bytes
UE 0388: LCID 1: TX            541 RX            284 bytes
UE 0388: LCID 2: TX              0 RX              0 bytes
UE 0388: LCID 4: TX             15 RX            270 bytes

[0m[NR_MAC]   Frame.Slot 640.0
UE RNTI 0388 CU-UE-ID 1 in-sync PH 48 dB PCMAX 20 dBm, average RSRP -44 (16 meas)
UE 0388: dlsch_rounds 348/0/0/0, dlsch_errors 0, pucch0_DTX 0, BLER 0.00000 MCS (0) 0 CCE fail 2
UE 0388: ulsch_rounds 3339/0/0/0, ulsch_errors 0, ulsch_DTX 0, BLER 0.00000 MCS (0) 0 (Qm 2 deltaMCS 0 dB) NPRB 5  SNR 50.5 dB CCE fail 0
UE 0388: MAC:    TX           7700 RX          67635 bytes
UE 0388: LCID 1: TX            541 RX            284 bytes
UE 0388: LCID 2: TX              0 RX              0 bytes
UE 0388: LCID 4: TX             15 RX            270 bytes

[0m[NR_MAC]   Frame.Slot 768.0
UE RNTI 0388 CU-UE-ID 1 in-sync PH 48 dB PCMAX 20 dBm, average RSRP -44 (16 meas)
UE 0388: dlsch_rounds 349/0/0/0, dlsch_errors 0, pucch0_DTX 0, BLER 0.00000 MCS (0) 0 CCE fail 2
UE 0388: ulsch_rounds 3352/0/0/0, ulsch_errors 0, ulsch_DTX 0, BLER 0.00000 MCS (0) 0 (Qm 2 deltaMCS 0 dB) NPRB 5  SNR 50.5 dB CCE fail 0
UE 0388: MAC:    TX           7721 RX          67895 bytes
UE 0388: LCID 1: TX            541 RX            284 bytes
UE 0388: LCID 2: TX              0 RX              0 bytes
UE 0388: LCID 4: TX             15 RX            270 bytes

[0m[NR_MAC]   Frame.Slot 896.0
UE RNTI 0388 CU-UE-ID 1 in-sync PH 48 dB PCMAX 20 dBm, average RSRP -44 (16 meas)
UE 0388: dlsch_rounds 351/0/0/0, dlsch_errors 0, pucch0_DTX 0, BLER 0.00000 MCS (0) 0 CCE fail 2
UE 0388: ulsch_rounds 3365/0/0/0, ulsch_errors 0, ulsch_DTX 0, BLER 0.00000 MCS (0) 0 (Qm 2 deltaMCS 0 dB) NPRB 5  SNR 50.5 dB CCE fail 0
UE 0388: MAC:    TX           7763 RX          68155 bytes
UE 0388: LCID 1: TX            541 RX            284 bytes
UE 0388: LCID 2: TX              0 RX              0 bytes
UE 0388: LCID 4: TX             15 RX            270 bytes

[0m[NR_MAC]   Frame.Slot 0.0
UE RNTI 0388 CU-UE-ID 1 in-sync PH 48 dB PCMAX 20 dBm, average RSRP -44 (16 meas)
UE 0388: dlsch_rounds 352/0/0/0, dlsch_errors 0, pucch0_DTX 0, BLER 0.00000 MCS (0) 0 CCE fail 2
UE 0388: ulsch_rounds 3378/0/0/0, ulsch_errors 0, ulsch_DTX 0, BLER 0.00000 MCS (0) 0 (Qm 2 deltaMCS 0 dB) NPRB 5  SNR 50.5 dB CCE fail 0
UE 0388: MAC:    TX           7784 RX          68415 bytes
UE 0388: LCID 1: TX            541 RX            284 bytes
UE 0388: LCID 2: TX              0 RX              0 bytes
UE 0388: LCID 4: TX             15 RX            270 bytes

[0m[NR_MAC]   Frame.Slot 128.0
UE RNTI 0388 CU-UE-ID 1 in-sync PH 48 dB PCMAX 20 dBm, average RSRP -44 (16 meas)
UE 0388: dlsch_rounds 353/0/0/0, dlsch_errors 0, pucch0_DTX 0, BLER 0.00000 MCS (0) 0 CCE fail 2
UE 0388: ulsch_rounds 3391/0/0/0, ulsch_errors 0, ulsch_DTX 0, BLER 0.00000 MCS (0) 0 (Qm 2 deltaMCS 0 dB) NPRB 5  SNR 50.5 dB CCE fail 0
UE 0388: MAC:    TX           7805 RX          68675 bytes
UE 0388: LCID 1: TX            541 RX            284 bytes
UE 0388: LCID 2: TX              0 RX              0 bytes
UE 0388: LCID 4: TX             15 RX            270 bytes

[0m[NR_MAC]   Frame.Slot 256.0
UE RNTI 0388 CU-UE-ID 1 in-sync PH 48 dB PCMAX 20 dBm, average RSRP -44 (16 meas)
UE 0388: dlsch_rounds 354/0/0/0, dlsch_errors 0, pucch0_DTX 0, BLER 0.00000 MCS (0) 0 CCE fail 2
UE 0388: ulsch_rounds 3403/0/0/0, ulsch_errors 0, ulsch_DTX 0, BLER 0.00000 MCS (0) 0 (Qm 2 deltaMCS 0 dB) NPRB 5  SNR 50.5 dB CCE fail 0
UE 0388: MAC:    TX           7826 RX          68915 bytes
UE 0388: LCID 1: TX            541 RX            284 bytes
UE 0388: LCID 2: TX              0 RX              0 bytes
UE 0388: LCID 4: TX             15 RX            270 bytes

[0m[NR_MAC]   Frame.Slot 384.0
UE RNTI 0388 CU-UE-ID 1 in-sync PH 48 dB PCMAX 20 dBm, average RSRP -44 (16 meas)
UE 0388: dlsch_rounds 356/0/0/0, dlsch_errors 0, pucch0_DTX 0, BLER 0.00000 MCS (0) 0 CCE fail 2
UE 0388: ulsch_rounds 3416/0/0/0, ulsch_errors 0, ulsch_DTX 0, BLER 0.00000 MCS (0) 0 (Qm 2 deltaMCS 0 dB) NPRB 5  SNR 50.5 dB CCE fail 0
UE 0388: MAC:    TX           7868 RX          69175 bytes
UE 0388: LCID 1: TX            541 RX            284 bytes
UE 0388: LCID 2: TX              0 RX              0 bytes
UE 0388: LCID 4: TX             15 RX            270 bytes

[0m[NR_MAC]   Frame.Slot 512.0
UE RNTI 0388 CU-UE-ID 1 in-sync PH 48 dB PCMAX 20 dBm, average RSRP -44 (16 meas)
UE 0388: dlsch_rounds 357/0/0/0, dlsch_errors 0, pucch0_DTX 0, BLER 0.00000 MCS (0) 0 CCE fail 2
UE 0388: ulsch_rounds 3429/0/0/0, ulsch_errors 0, ulsch_DTX 0, BLER 0.00000 MCS (0) 0 (Qm 2 deltaMCS 0 dB) NPRB 5  SNR 50.5 dB CCE fail 0
UE 0388: MAC:    TX           7889 RX          69435 bytes
UE 0388: LCID 1: TX            541 RX            284 bytes
UE 0388: LCID 2: TX              0 RX              0 bytes
UE 0388: LCID 4: TX             15 RX            270 bytes

[0m[NR_MAC]   Frame.Slot 640.0
UE RNTI 0388 CU-UE-ID 1 in-sync PH 48 dB PCMAX 20 dBm, average RSRP -44 (16 meas)
UE 0388: dlsch_rounds 358/0/0/0, dlsch_errors 0, pucch0_DTX 0, BLER 0.00000 MCS (0) 0 CCE fail 2
UE 0388: ulsch_rounds 3442/0/0/0, ulsch_errors 0, ulsch_DTX 0, BLER 0.00000 MCS (0) 0 (Qm 2 deltaMCS 0 dB) NPRB 5  SNR 50.5 dB CCE fail 0
UE 0388: MAC:    TX           7910 RX          69695 bytes
UE 0388: LCID 1: TX            541 RX            284 bytes
UE 0388: LCID 2: TX              0 RX              0 bytes
UE 0388: LCID 4: TX             15 RX            270 bytes

[0m[NR_MAC]   Frame.Slot 768.0
UE RNTI 0388 CU-UE-ID 1 in-sync PH 48 dB PCMAX 20 dBm, average RSRP -44 (16 meas)
UE 0388: dlsch_rounds 360/0/0/0, dlsch_errors 0, pucch0_DTX 0, BLER 0.00000 MCS (0) 0 CCE fail 2
UE 0388: ulsch_rounds 3455/0/0/0, ulsch_errors 0, ulsch_DTX 0, BLER 0.00000 MCS (0) 0 (Qm 2 deltaMCS 0 dB) NPRB 5  SNR 50.5 dB CCE fail 0
UE 0388: MAC:    TX           7952 RX          69955 bytes
UE 0388: LCID 1: TX            541 RX            284 bytes
UE 0388: LCID 2: TX              0 RX              0 bytes
UE 0388: LCID 4: TX             15 RX            270 bytes

[0m[NR_MAC]   Frame.Slot 896.0
UE RNTI 0388 CU-UE-ID 1 in-sync PH 48 dB PCMAX 20 dBm, average RSRP -44 (16 meas)
UE 0388: dlsch_rounds 361/0/0/0, dlsch_errors 0, pucch0_DTX 0, BLER 0.00000 MCS (0) 0 CCE fail 2
UE 0388: ulsch_rounds 3467/0/0/0, ulsch_errors 0, ulsch_DTX 0, BLER 0.00000 MCS (0) 0 (Qm 2 deltaMCS 0 dB) NPRB 5  SNR 50.5 dB CCE fail 0
UE 0388: MAC:    TX           7973 RX          70195 bytes
UE 0388: LCID 1: TX            541 RX            284 bytes
UE 0388: LCID 2: TX              0 RX              0 bytes
UE 0388: LCID 4: TX             15 RX            270 bytes

[0m[NR_MAC]   Frame.Slot 0.0
UE RNTI 0388 CU-UE-ID 1 in-sync PH 48 dB PCMAX 20 dBm, average RSRP -44 (16 meas)
UE 0388: dlsch_rounds 362/0/0/0, dlsch_errors 0, pucch0_DTX 0, BLER 0.00000 MCS (0) 0 CCE fail 2
UE 0388: ulsch_rounds 3480/0/0/0, ulsch_errors 0, ulsch_DTX 0, BLER 0.00000 MCS (0) 0 (Qm 2 deltaMCS 0 dB) NPRB 5  SNR 50.5 dB CCE fail 0
UE 0388: MAC:    TX           7994 RX          70455 bytes
UE 0388: LCID 1: TX            541 RX            284 bytes
UE 0388: LCID 2: TX              0 RX              0 bytes
UE 0388: LCID 4: TX             15 RX            270 bytes

[0m[NR_MAC]   Frame.Slot 128.0
UE RNTI 0388 CU-UE-ID 1 in-sync PH 48 dB PCMAX 20 dBm, average RSRP -44 (16 meas)
UE 0388: dlsch_rounds 363/0/0/0, dlsch_errors 0, pucch0_DTX 0, BLER 0.00000 MCS (0) 0 CCE fail 2
UE 0388: ulsch_rounds 3493/0/0/0, ulsch_errors 0, ulsch_DTX 0, BLER 0.00000 MCS (0) 0 (Qm 2 deltaMCS 0 dB) NPRB 5  SNR 50.5 dB CCE fail 0
UE 0388: MAC:    TX           8015 RX          70715 bytes
UE 0388: LCID 1: TX            541 RX            284 bytes
UE 0388: LCID 2: TX              0 RX              0 bytes
UE 0388: LCID 4: TX             15 RX            270 bytes

[0m[NR_MAC]   Frame.Slot 256.0
UE RNTI 0388 CU-UE-ID 1 in-sync PH 48 dB PCMAX 20 dBm, average RSRP -44 (16 meas)
UE 0388: dlsch_rounds 365/0/0/0, dlsch_errors 0, pucch0_DTX 0, BLER 0.00000 MCS (0) 0 CCE fail 2
UE 0388: ulsch_rounds 3506/0/0/0, ulsch_errors 0, ulsch_DTX 0, BLER 0.00000 MCS (0) 0 (Qm 2 deltaMCS 0 dB) NPRB 5  SNR 50.5 dB CCE fail 0
UE 0388: MAC:    TX           8057 RX          70975 bytes
UE 0388: LCID 1: TX            541 RX            284 bytes
UE 0388: LCID 2: TX              0 RX              0 bytes
UE 0388: LCID 4: TX             15 RX            270 bytes

[0m[NR_MAC]   Frame.Slot 384.0
UE RNTI 0388 CU-UE-ID 1 in-sync PH 48 dB PCMAX 20 dBm, average RSRP -44 (16 meas)
UE 0388: dlsch_rounds 366/0/0/0, dlsch_errors 0, pucch0_DTX 0, BLER 0.00000 MCS (0) 0 CCE fail 2
UE 0388: ulsch_rounds 3519/0/0/0, ulsch_errors 0, ulsch_DTX 0, BLER 0.00000 MCS (0) 0 (Qm 2 deltaMCS 0 dB) NPRB 5  SNR 50.5 dB CCE fail 0
UE 0388: MAC:    TX           8078 RX          71235 bytes
UE 0388: LCID 1: TX            541 RX            284 bytes
UE 0388: LCID 2: TX              0 RX              0 bytes
UE 0388: LCID 4: TX             15 RX            270 bytes

[0m[NR_MAC]   Frame.Slot 512.0
UE RNTI 0388 CU-UE-ID 1 in-sync PH 48 dB PCMAX 20 dBm, average RSRP -44 (16 meas)
UE 0388: dlsch_rounds 367/0/0/0, dlsch_errors 0, pucch0_DTX 0, BLER 0.00000 MCS (0) 0 CCE fail 2
UE 0388: ulsch_rounds 3531/0/0/0, ulsch_errors 0, ulsch_DTX 0, BLER 0.00000 MCS (0) 0 (Qm 2 deltaMCS 0 dB) NPRB 5  SNR 50.5 dB CCE fail 0
UE 0388: MAC:    TX           8099 RX          71475 bytes
UE 0388: LCID 1: TX            541 RX            284 bytes
UE 0388: LCID 2: TX              0 RX              0 bytes
UE 0388: LCID 4: TX             15 RX            270 bytes

[0m[NR_MAC]   Frame.Slot 640.0
UE RNTI 0388 CU-UE-ID 1 in-sync PH 48 dB PCMAX 20 dBm, average RSRP -44 (16 meas)
UE 0388: dlsch_rounds 369/0/0/0, dlsch_errors 0, pucch0_DTX 0, BLER 0.00000 MCS (0) 0 CCE fail 2
UE 0388: ulsch_rounds 3544/0/0/0, ulsch_errors 0, ulsch_DTX 0, BLER 0.00000 MCS (0) 0 (Qm 2 deltaMCS 0 dB) NPRB 5  SNR 50.5 dB CCE fail 0
UE 0388: MAC:    TX           8141 RX          71735 bytes
UE 0388: LCID 1: TX            541 RX            284 bytes
UE 0388: LCID 2: TX              0 RX              0 bytes
UE 0388: LCID 4: TX             15 RX            270 bytes

[0m[NR_MAC]   Frame.Slot 768.0
UE RNTI 0388 CU-UE-ID 1 in-sync PH 48 dB PCMAX 20 dBm, average RSRP -44 (16 meas)
UE 0388: dlsch_rounds 370/0/0/0, dlsch_errors 0, pucch0_DTX 0, BLER 0.00000 MCS (0) 0 CCE fail 2
UE 0388: ulsch_rounds 3557/0/0/0, ulsch_errors 0, ulsch_DTX 0, BLER 0.00000 MCS (0) 0 (Qm 2 deltaMCS 0 dB) NPRB 5  SNR 50.5 dB CCE fail 0
UE 0388: MAC:    TX           8162 RX          71995 bytes
UE 0388: LCID 1: TX            541 RX            284 bytes
UE 0388: LCID 2: TX              0 RX              0 bytes
UE 0388: LCID 4: TX             15 RX            270 bytes

[0m[NR_MAC]   Frame.Slot 896.0
UE RNTI 0388 CU-UE-ID 1 in-sync PH 48 dB PCMAX 20 dBm, average RSRP -44 (16 meas)
UE 0388: dlsch_rounds 371/0/0/0, dlsch_errors 0, pucch0_DTX 0, BLER 0.00000 MCS (0) 0 CCE fail 2
UE 0388: ulsch_rounds 3570/0/0/0, ulsch_errors 0, ulsch_DTX 0, BLER 0.00000 MCS (0) 0 (Qm 2 deltaMCS 0 dB) NPRB 5  SNR 50.5 dB CCE fail 0
UE 0388: MAC:    TX           8183 RX          72255 bytes
UE 0388: LCID 1: TX            541 RX            284 bytes
UE 0388: LCID 2: TX              0 RX              0 bytes
UE 0388: LCID 4: TX             15 RX            270 bytes

[0m[NR_MAC]   Frame.Slot 0.0
UE RNTI 0388 CU-UE-ID 1 in-sync PH 48 dB PCMAX 20 dBm, average RSRP -44 (16 meas)
UE 0388: dlsch_rounds 372/0/0/0, dlsch_errors 0, pucch0_DTX 0, BLER 0.00000 MCS (0) 0 CCE fail 2
UE 0388: ulsch_rounds 3583/0/0/0, ulsch_errors 0, ulsch_DTX 0, BLER 0.00000 MCS (0) 0 (Qm 2 deltaMCS 0 dB) NPRB 5  SNR 50.5 dB CCE fail 0
UE 0388: MAC:    TX           8204 RX          72515 bytes
UE 0388: LCID 1: TX            541 RX            284 bytes
UE 0388: LCID 2: TX              0 RX              0 bytes
UE 0388: LCID 4: TX             15 RX            270 bytes

[0m[NR_MAC]   Frame.Slot 128.0
UE RNTI 0388 CU-UE-ID 1 in-sync PH 48 dB PCMAX 20 dBm, average RSRP -44 (16 meas)
UE 0388: dlsch_rounds 374/0/0/0, dlsch_errors 0, pucch0_DTX 0, BLER 0.00000 MCS (0) 0 CCE fail 2
UE 0388: ulsch_rounds 3595/0/0/0, ulsch_errors 0, ulsch_DTX 0, BLER 0.00000 MCS (0) 0 (Qm 2 deltaMCS 0 dB) NPRB 5  SNR 50.5 dB CCE fail 0
UE 0388: MAC:    TX           8246 RX          72755 bytes
UE 0388: LCID 1: TX            541 RX            284 bytes
UE 0388: LCID 2: TX              0 RX              0 bytes
UE 0388: LCID 4: TX             15 RX            270 bytes

[0m[NR_MAC]   Frame.Slot 256.0
UE RNTI 0388 CU-UE-ID 1 in-sync PH 48 dB PCMAX 20 dBm, average RSRP -44 (16 meas)
UE 0388: dlsch_rounds 375/0/0/0, dlsch_errors 0, pucch0_DTX 0, BLER 0.00000 MCS (0) 0 CCE fail 2
UE 0388: ulsch_rounds 3608/0/0/0, ulsch_errors 0, ulsch_DTX 0, BLER 0.00000 MCS (0) 0 (Qm 2 deltaMCS 0 dB) NPRB 5  SNR 50.5 dB CCE fail 0
UE 0388: MAC:    TX           8267 RX          73015 bytes
UE 0388: LCID 1: TX            541 RX            284 bytes
UE 0388: LCID 2: TX              0 RX              0 bytes
UE 0388: LCID 4: TX             15 RX            270 bytes

[0m[NR_MAC]   Frame.Slot 384.0
UE RNTI 0388 CU-UE-ID 1 in-sync PH 48 dB PCMAX 20 dBm, average RSRP -44 (16 meas)
UE 0388: dlsch_rounds 376/0/0/0, dlsch_errors 0, pucch0_DTX 0, BLER 0.00000 MCS (0) 0 CCE fail 2
UE 0388: ulsch_rounds 3621/0/0/0, ulsch_errors 0, ulsch_DTX 0, BLER 0.00000 MCS (0) 0 (Qm 2 deltaMCS 0 dB) NPRB 5  SNR 50.5 dB CCE fail 0
UE 0388: MAC:    TX           8288 RX          73275 bytes
UE 0388: LCID 1: TX            541 RX            284 bytes
UE 0388: LCID 2: TX              0 RX              0 bytes
UE 0388: LCID 4: TX             15 RX            270 bytes

[0m[NR_MAC]   Frame.Slot 512.0
UE RNTI 0388 CU-UE-ID 1 in-sync PH 48 dB PCMAX 20 dBm, average RSRP -44 (16 meas)
UE 0388: dlsch_rounds 378/0/0/0, dlsch_errors 0, pucch0_DTX 0, BLER 0.00000 MCS (0) 0 CCE fail 2
UE 0388: ulsch_rounds 3634/0/0/0, ulsch_errors 0, ulsch_DTX 0, BLER 0.00000 MCS (0) 0 (Qm 2 deltaMCS 0 dB) NPRB 5  SNR 50.5 dB CCE fail 0
UE 0388: MAC:    TX           8330 RX          73535 bytes
UE 0388: LCID 1: TX            541 RX            284 bytes
UE 0388: LCID 2: TX              0 RX              0 bytes
UE 0388: LCID 4: TX             15 RX            270 bytes

[0m[NR_MAC]   Frame.Slot 640.0
UE RNTI 0388 CU-UE-ID 1 in-sync PH 48 dB PCMAX 20 dBm, average RSRP -44 (16 meas)
UE 0388: dlsch_rounds 379/0/0/0, dlsch_errors 0, pucch0_DTX 0, BLER 0.00000 MCS (0) 0 CCE fail 2
UE 0388: ulsch_rounds 3647/0/0/0, ulsch_errors 0, ulsch_DTX 0, BLER 0.00000 MCS (0) 0 (Qm 2 deltaMCS 0 dB) NPRB 5  SNR 50.5 dB CCE fail 0
UE 0388: MAC:    TX           8351 RX          73795 bytes
UE 0388: LCID 1: TX            541 RX            284 bytes
UE 0388: LCID 2: TX              0 RX              0 bytes
UE 0388: LCID 4: TX             15 RX            270 bytes

[0m[NR_MAC]   Frame.Slot 768.0
UE RNTI 0388 CU-UE-ID 1 in-sync PH 48 dB PCMAX 20 dBm, average RSRP -44 (16 meas)
UE 0388: dlsch_rounds 380/0/0/0, dlsch_errors 0, pucch0_DTX 0, BLER 0.00000 MCS (0) 0 CCE fail 2
UE 0388: ulsch_rounds 3659/0/0/0, ulsch_errors 0, ulsch_DTX 0, BLER 0.00000 MCS (0) 0 (Qm 2 deltaMCS 0 dB) NPRB 5  SNR 50.5 dB CCE fail 0
UE 0388: MAC:    TX           8372 RX          74035 bytes
UE 0388: LCID 1: TX            541 RX            284 bytes
UE 0388: LCID 2: TX              0 RX              0 bytes
UE 0388: LCID 4: TX             15 RX            270 bytes

[0m[NR_MAC]   Frame.Slot 896.0
UE RNTI 0388 CU-UE-ID 1 in-sync PH 48 dB PCMAX 20 dBm, average RSRP -44 (16 meas)
UE 0388: dlsch_rounds 381/0/0/0, dlsch_errors 0, pucch0_DTX 0, BLER 0.00000 MCS (0) 0 CCE fail 2
UE 0388: ulsch_rounds 3672/0/0/0, ulsch_errors 0, ulsch_DTX 0, BLER 0.00000 MCS (0) 0 (Qm 2 deltaMCS 0 dB) NPRB 5  SNR 50.5 dB CCE fail 0
UE 0388: MAC:    TX           8393 RX          74295 bytes
UE 0388: LCID 1: TX            541 RX            284 bytes
UE 0388: LCID 2: TX              0 RX              0 bytes
UE 0388: LCID 4: TX             15 RX            270 bytes

[0m[NR_MAC]   Frame.Slot 0.0
UE RNTI 0388 CU-UE-ID 1 in-sync PH 48 dB PCMAX 20 dBm, average RSRP -44 (16 meas)
UE 0388: dlsch_rounds 383/0/0/0, dlsch_errors 0, pucch0_DTX 0, BLER 0.00000 MCS (0) 0 CCE fail 2
UE 0388: ulsch_rounds 3685/0/0/0, ulsch_errors 0, ulsch_DTX 0, BLER 0.00000 MCS (0) 0 (Qm 2 deltaMCS 0 dB) NPRB 5  SNR 50.5 dB CCE fail 0
UE 0388: MAC:    TX           8435 RX          74555 bytes
UE 0388: LCID 1: TX            541 RX            284 bytes
UE 0388: LCID 2: TX              0 RX              0 bytes
UE 0388: LCID 4: TX             15 RX            270 bytes

[0m[NR_MAC]   Frame.Slot 128.0
UE RNTI 0388 CU-UE-ID 1 in-sync PH 48 dB PCMAX 20 dBm, average RSRP -44 (16 meas)
UE 0388: dlsch_rounds 384/0/0/0, dlsch_errors 0, pucch0_DTX 0, BLER 0.00000 MCS (0) 0 CCE fail 2
UE 0388: ulsch_rounds 3698/0/0/0, ulsch_errors 0, ulsch_DTX 0, BLER 0.00000 MCS (0) 0 (Qm 2 deltaMCS 0 dB) NPRB 5  SNR 50.5 dB CCE fail 0
UE 0388: MAC:    TX           8456 RX          74815 bytes
UE 0388: LCID 1: TX            541 RX            284 bytes
UE 0388: LCID 2: TX              0 RX              0 bytes
UE 0388: LCID 4: TX             15 RX            270 bytes

[0m[NR_MAC]   Frame.Slot 256.0
UE RNTI 0388 CU-UE-ID 1 in-sync PH 48 dB PCMAX 20 dBm, average RSRP -44 (16 meas)
UE 0388: dlsch_rounds 385/0/0/0, dlsch_errors 0, pucch0_DTX 0, BLER 0.00000 MCS (0) 0 CCE fail 2
UE 0388: ulsch_rounds 3711/0/0/0, ulsch_errors 0, ulsch_DTX 0, BLER 0.00000 MCS (0) 0 (Qm 2 deltaMCS 0 dB) NPRB 5  SNR 50.5 dB CCE fail 0
UE 0388: MAC:    TX           8477 RX          75075 bytes
UE 0388: LCID 1: TX            541 RX            284 bytes
UE 0388: LCID 2: TX              0 RX              0 bytes
UE 0388: LCID 4: TX             15 RX            270 bytes

[0m[NR_MAC]   Frame.Slot 384.0
UE RNTI 0388 CU-UE-ID 1 in-sync PH 48 dB PCMAX 20 dBm, average RSRP -44 (16 meas)
UE 0388: dlsch_rounds 386/0/0/0, dlsch_errors 0, pucch0_DTX 0, BLER 0.00000 MCS (0) 0 CCE fail 2
UE 0388: ulsch_rounds 3723/0/0/0, ulsch_errors 0, ulsch_DTX 0, BLER 0.00000 MCS (0) 0 (Qm 2 deltaMCS 0 dB) NPRB 5  SNR 50.5 dB CCE fail 0
UE 0388: MAC:    TX           8498 RX          75315 bytes
UE 0388: LCID 1: TX            541 RX            284 bytes
UE 0388: LCID 2: TX              0 RX              0 bytes
UE 0388: LCID 4: TX             15 RX            270 bytes

[0m[NR_MAC]   Frame.Slot 512.0
UE RNTI 0388 CU-UE-ID 1 in-sync PH 48 dB PCMAX 20 dBm, average RSRP -44 (16 meas)
UE 0388: dlsch_rounds 388/0/0/0, dlsch_errors 0, pucch0_DTX 0, BLER 0.00000 MCS (0) 0 CCE fail 2
UE 0388: ulsch_rounds 3736/0/0/0, ulsch_errors 0, ulsch_DTX 0, BLER 0.00000 MCS (0) 0 (Qm 2 deltaMCS 0 dB) NPRB 5  SNR 50.5 dB CCE fail 0
UE 0388: MAC:    TX           8540 RX          75575 bytes
UE 0388: LCID 1: TX            541 RX            284 bytes
UE 0388: LCID 2: TX              0 RX              0 bytes
UE 0388: LCID 4: TX             15 RX            270 bytes

[0m[NR_MAC]   Frame.Slot 640.0
UE RNTI 0388 CU-UE-ID 1 in-sync PH 48 dB PCMAX 20 dBm, average RSRP -44 (16 meas)
UE 0388: dlsch_rounds 389/0/0/0, dlsch_errors 0, pucch0_DTX 0, BLER 0.00000 MCS (0) 0 CCE fail 2
UE 0388: ulsch_rounds 3749/0/0/0, ulsch_errors 0, ulsch_DTX 0, BLER 0.00000 MCS (0) 0 (Qm 2 deltaMCS 0 dB) NPRB 5  SNR 50.5 dB CCE fail 0
UE 0388: MAC:    TX           8561 RX          75835 bytes
UE 0388: LCID 1: TX            541 RX            284 bytes
UE 0388: LCID 2: TX              0 RX              0 bytes
UE 0388: LCID 4: TX             15 RX            270 bytes

[0m[NR_MAC]   Frame.Slot 768.0
UE RNTI 0388 CU-UE-ID 1 in-sync PH 48 dB PCMAX 20 dBm, average RSRP -44 (16 meas)
UE 0388: dlsch_rounds 390/0/0/0, dlsch_errors 0, pucch0_DTX 0, BLER 0.00000 MCS (0) 0 CCE fail 2
UE 0388: ulsch_rounds 3762/0/0/0, ulsch_errors 0, ulsch_DTX 0, BLER 0.00000 MCS (0) 0 (Qm 2 deltaMCS 0 dB) NPRB 5  SNR 50.5 dB CCE fail 0
UE 0388: MAC:    TX           8582 RX          76095 bytes
UE 0388: LCID 1: TX            541 RX            284 bytes
UE 0388: LCID 2: TX              0 RX              0 bytes
UE 0388: LCID 4: TX             15 RX            270 bytes

[0m[NR_MAC]   Frame.Slot 896.0
UE RNTI 0388 CU-UE-ID 1 in-sync PH 48 dB PCMAX 20 dBm, average RSRP -44 (16 meas)
UE 0388: dlsch_rounds 392/0/0/0, dlsch_errors 0, pucch0_DTX 0, BLER 0.00000 MCS (0) 0 CCE fail 2
UE 0388: ulsch_rounds 3775/0/0/0, ulsch_errors 0, ulsch_DTX 0, BLER 0.00000 MCS (0) 0 (Qm 2 deltaMCS 0 dB) NPRB 5  SNR 50.5 dB CCE fail 0
UE 0388: MAC:    TX           8624 RX          76355 bytes
UE 0388: LCID 1: TX            541 RX            284 bytes
UE 0388: LCID 2: TX              0 RX              0 bytes
UE 0388: LCID 4: TX             15 RX            270 bytes

[0m[NR_MAC]   Frame.Slot 0.0
UE RNTI 0388 CU-UE-ID 1 in-sync PH 48 dB PCMAX 20 dBm, average RSRP -44 (16 meas)
UE 0388: dlsch_rounds 393/0/0/0, dlsch_errors 0, pucch0_DTX 0, BLER 0.00000 MCS (0) 0 CCE fail 2
UE 0388: ulsch_rounds 3787/0/0/0, ulsch_errors 0, ulsch_DTX 0, BLER 0.00000 MCS (0) 0 (Qm 2 deltaMCS 0 dB) NPRB 5  SNR 50.5 dB CCE fail 0
UE 0388: MAC:    TX           8645 RX          76595 bytes
UE 0388: LCID 1: TX            541 RX            284 bytes
UE 0388: LCID 2: TX              0 RX              0 bytes
UE 0388: LCID 4: TX             15 RX            270 bytes

[0m[NR_MAC]   Frame.Slot 128.0
UE RNTI 0388 CU-UE-ID 1 in-sync PH 48 dB PCMAX 20 dBm, average RSRP -44 (16 meas)
UE 0388: dlsch_rounds 394/0/0/0, dlsch_errors 0, pucch0_DTX 0, BLER 0.00000 MCS (0) 0 CCE fail 2
UE 0388: ulsch_rounds 3800/0/0/0, ulsch_errors 0, ulsch_DTX 0, BLER 0.00000 MCS (0) 0 (Qm 2 deltaMCS 0 dB) NPRB 5  SNR 50.5 dB CCE fail 0
UE 0388: MAC:    TX           8666 RX          76855 bytes
UE 0388: LCID 1: TX            541 RX            284 bytes
UE 0388: LCID 2: TX              0 RX              0 bytes
UE 0388: LCID 4: TX             15 RX            270 bytes

[0m[NR_MAC]   Frame.Slot 256.0
UE RNTI 0388 CU-UE-ID 1 in-sync PH 48 dB PCMAX 20 dBm, average RSRP -44 (16 meas)
UE 0388: dlsch_rounds 395/0/0/0, dlsch_errors 0, pucch0_DTX 0, BLER 0.00000 MCS (0) 0 CCE fail 2
UE 0388: ulsch_rounds 3813/0/0/0, ulsch_errors 0, ulsch_DTX 0, BLER 0.00000 MCS (0) 0 (Qm 2 deltaMCS 0 dB) NPRB 5  SNR 50.5 dB CCE fail 0
UE 0388: MAC:    TX           8687 RX          77115 bytes
UE 0388: LCID 1: TX            541 RX            284 bytes
UE 0388: LCID 2: TX              0 RX              0 bytes
UE 0388: LCID 4: TX             15 RX            270 bytes

[0m[NR_MAC]   Frame.Slot 384.0
UE RNTI 0388 CU-UE-ID 1 in-sync PH 48 dB PCMAX 20 dBm, average RSRP -44 (16 meas)
UE 0388: dlsch_rounds 397/0/0/0, dlsch_errors 0, pucch0_DTX 0, BLER 0.00000 MCS (0) 0 CCE fail 2
UE 0388: ulsch_rounds 3826/0/0/0, ulsch_errors 0, ulsch_DTX 0, BLER 0.00000 MCS (0) 0 (Qm 2 deltaMCS 0 dB) NPRB 5  SNR 50.5 dB CCE fail 0
UE 0388: MAC:    TX           8729 RX          77375 bytes
UE 0388: LCID 1: TX            541 RX            284 bytes
UE 0388: LCID 2: TX              0 RX              0 bytes
UE 0388: LCID 4: TX             15 RX            270 bytes

[0m[NR_MAC]   Frame.Slot 512.0
UE RNTI 0388 CU-UE-ID 1 in-sync PH 48 dB PCMAX 20 dBm, average RSRP -44 (16 meas)
UE 0388: dlsch_rounds 398/0/0/0, dlsch_errors 0, pucch0_DTX 0, BLER 0.00000 MCS (0) 0 CCE fail 2
UE 0388: ulsch_rounds 3839/0/0/0, ulsch_errors 0, ulsch_DTX 0, BLER 0.00000 MCS (0) 0 (Qm 2 deltaMCS 0 dB) NPRB 5  SNR 50.5 dB CCE fail 0
UE 0388: MAC:    TX           8750 RX          77635 bytes
UE 0388: LCID 1: TX            541 RX            284 bytes
UE 0388: LCID 2: TX              0 RX              0 bytes
UE 0388: LCID 4: TX             15 RX            270 bytes

[0m[NR_MAC]   Frame.Slot 640.0
UE RNTI 0388 CU-UE-ID 1 in-sync PH 48 dB PCMAX 20 dBm, average RSRP -44 (16 meas)
UE 0388: dlsch_rounds 399/0/0/0, dlsch_errors 0, pucch0_DTX 0, BLER 0.00000 MCS (0) 0 CCE fail 2
UE 0388: ulsch_rounds 3851/0/0/0, ulsch_errors 0, ulsch_DTX 0, BLER 0.00000 MCS (0) 0 (Qm 2 deltaMCS 0 dB) NPRB 5  SNR 50.5 dB CCE fail 0
UE 0388: MAC:    TX           8771 RX          77875 bytes
UE 0388: LCID 1: TX            541 RX            284 bytes
UE 0388: LCID 2: TX              0 RX              0 bytes
UE 0388: LCID 4: TX             15 RX            270 bytes

[0m[NR_MAC]   Frame.Slot 768.0
UE RNTI 0388 CU-UE-ID 1 in-sync PH 48 dB PCMAX 20 dBm, average RSRP -44 (16 meas)
UE 0388: dlsch_rounds 401/0/0/0, dlsch_errors 0, pucch0_DTX 0, BLER 0.00000 MCS (0) 0 CCE fail 2
UE 0388: ulsch_rounds 3864/0/0/0, ulsch_errors 0, ulsch_DTX 0, BLER 0.00000 MCS (0) 0 (Qm 2 deltaMCS 0 dB) NPRB 5  SNR 50.5 dB CCE fail 0
UE 0388: MAC:    TX           8813 RX          78135 bytes
UE 0388: LCID 1: TX            541 RX            284 bytes
UE 0388: LCID 2: TX              0 RX              0 bytes
UE 0388: LCID 4: TX             15 RX            270 bytes

[0m[NR_MAC]   Frame.Slot 896.0
UE RNTI 0388 CU-UE-ID 1 in-sync PH 48 dB PCMAX 20 dBm, average RSRP -44 (16 meas)
UE 0388: dlsch_rounds 402/0/0/0, dlsch_errors 0, pucch0_DTX 0, BLER 0.00000 MCS (0) 0 CCE fail 2
UE 0388: ulsch_rounds 3877/0/0/0, ulsch_errors 0, ulsch_DTX 0, BLER 0.00000 MCS (0) 0 (Qm 2 deltaMCS 0 dB) NPRB 5  SNR 50.5 dB CCE fail 0
UE 0388: MAC:    TX           8834 RX          78395 bytes
UE 0388: LCID 1: TX            541 RX            284 bytes
UE 0388: LCID 2: TX              0 RX              0 bytes
UE 0388: LCID 4: TX             15 RX            270 bytes

[0m[NR_MAC]   Frame.Slot 0.0
UE RNTI 0388 CU-UE-ID 1 in-sync PH 48 dB PCMAX 20 dBm, average RSRP -44 (16 meas)
UE 0388: dlsch_rounds 403/0/0/0, dlsch_errors 0, pucch0_DTX 0, BLER 0.00000 MCS (0) 0 CCE fail 2
UE 0388: ulsch_rounds 3890/0/0/0, ulsch_errors 0, ulsch_DTX 0, BLER 0.00000 MCS (0) 0 (Qm 2 deltaMCS 0 dB) NPRB 5  SNR 50.5 dB CCE fail 0
UE 0388: MAC:    TX           8855 RX          78655 bytes
UE 0388: LCID 1: TX            541 RX            284 bytes
UE 0388: LCID 2: TX              0 RX              0 bytes
UE 0388: LCID 4: TX             15 RX            270 bytes

[0m[NR_MAC]   Frame.Slot 128.0
UE RNTI 0388 CU-UE-ID 1 in-sync PH 48 dB PCMAX 20 dBm, average RSRP -44 (16 meas)
UE 0388: dlsch_rounds 404/0/0/0, dlsch_errors 0, pucch0_DTX 0, BLER 0.00000 MCS (0) 0 CCE fail 2
UE 0388: ulsch_rounds 3903/0/0/0, ulsch_errors 0, ulsch_DTX 0, BLER 0.00000 MCS (0) 0 (Qm 2 deltaMCS 0 dB) NPRB 5  SNR 50.5 dB CCE fail 0
UE 0388: MAC:    TX           8876 RX          78915 bytes
UE 0388: LCID 1: TX            541 RX            284 bytes
UE 0388: LCID 2: TX              0 RX              0 bytes
UE 0388: LCID 4: TX             15 RX            270 bytes

[0m[NR_MAC]   Frame.Slot 256.0
UE RNTI 0388 CU-UE-ID 1 in-sync PH 48 dB PCMAX 20 dBm, average RSRP -44 (16 meas)
UE 0388: dlsch_rounds 406/0/0/0, dlsch_errors 0, pucch0_DTX 0, BLER 0.00000 MCS (0) 0 CCE fail 2
UE 0388: ulsch_rounds 3915/0/0/0, ulsch_errors 0, ulsch_DTX 0, BLER 0.00000 MCS (0) 0 (Qm 2 deltaMCS 0 dB) NPRB 5  SNR 50.5 dB CCE fail 0
UE 0388: MAC:    TX           8918 RX          79155 bytes
UE 0388: LCID 1: TX            541 RX            284 bytes
UE 0388: LCID 2: TX              0 RX              0 bytes
UE 0388: LCID 4: TX             15 RX            270 bytes

[0m[NR_MAC]   Frame.Slot 384.0
UE RNTI 0388 CU-UE-ID 1 in-sync PH 48 dB PCMAX 20 dBm, average RSRP -44 (16 meas)
UE 0388: dlsch_rounds 407/0/0/0, dlsch_errors 0, pucch0_DTX 0, BLER 0.00000 MCS (0) 0 CCE fail 2
UE 0388: ulsch_rounds 3928/0/0/0, ulsch_errors 0, ulsch_DTX 0, BLER 0.00000 MCS (0) 0 (Qm 2 deltaMCS 0 dB) NPRB 5  SNR 50.5 dB CCE fail 0
UE 0388: MAC:    TX           8939 RX          79415 bytes
UE 0388: LCID 1: TX            541 RX            284 bytes
UE 0388: LCID 2: TX              0 RX              0 bytes
UE 0388: LCID 4: TX             15 RX            270 bytes

[0m[NR_MAC]   Frame.Slot 512.0
UE RNTI 0388 CU-UE-ID 1 in-sync PH 48 dB PCMAX 20 dBm, average RSRP -44 (16 meas)
UE 0388: dlsch_rounds 408/0/0/0, dlsch_errors 0, pucch0_DTX 0, BLER 0.00000 MCS (0) 0 CCE fail 2
UE 0388: ulsch_rounds 3941/0/0/0, ulsch_errors 0, ulsch_DTX 0, BLER 0.00000 MCS (0) 0 (Qm 2 deltaMCS 0 dB) NPRB 5  SNR 50.5 dB CCE fail 0
UE 0388: MAC:    TX           8960 RX          79675 bytes
UE 0388: LCID 1: TX            541 RX            284 bytes
UE 0388: LCID 2: TX              0 RX              0 bytes
UE 0388: LCID 4: TX             15 RX            270 bytes

[0m[NR_MAC]   Frame.Slot 640.0
UE RNTI 0388 CU-UE-ID 1 in-sync PH 48 dB PCMAX 20 dBm, average RSRP -44 (16 meas)
UE 0388: dlsch_rounds 410/0/0/0, dlsch_errors 0, pucch0_DTX 0, BLER 0.00000 MCS (0) 0 CCE fail 2
UE 0388: ulsch_rounds 3954/0/0/0, ulsch_errors 0, ulsch_DTX 0, BLER 0.00000 MCS (0) 0 (Qm 2 deltaMCS 0 dB) NPRB 5  SNR 50.5 dB CCE fail 0
UE 0388: MAC:    TX           9002 RX          79935 bytes
UE 0388: LCID 1: TX            541 RX            284 bytes
UE 0388: LCID 2: TX              0 RX              0 bytes
UE 0388: LCID 4: TX             15 RX            270 bytes

[0m[NR_MAC]   Frame.Slot 768.0
UE RNTI 0388 CU-UE-ID 1 in-sync PH 48 dB PCMAX 20 dBm, average RSRP -44 (16 meas)
UE 0388: dlsch_rounds 411/0/0/0, dlsch_errors 0, pucch0_DTX 0, BLER 0.00000 MCS (0) 0 CCE fail 2
UE 0388: ulsch_rounds 3967/0/0/0, ulsch_errors 0, ulsch_DTX 0, BLER 0.00000 MCS (0) 0 (Qm 2 deltaMCS 0 dB) NPRB 5  SNR 50.5 dB CCE fail 0
UE 0388: MAC:    TX           9023 RX          80195 bytes
UE 0388: LCID 1: TX            541 RX            284 bytes
UE 0388: LCID 2: TX              0 RX              0 bytes
UE 0388: LCID 4: TX             15 RX            270 bytes

[0m[NR_MAC]   Frame.Slot 896.0
UE RNTI 0388 CU-UE-ID 1 in-sync PH 48 dB PCMAX 20 dBm, average RSRP -44 (16 meas)
UE 0388: dlsch_rounds 412/0/0/0, dlsch_errors 0, pucch0_DTX 0, BLER 0.00000 MCS (0) 0 CCE fail 2
UE 0388: ulsch_rounds 3979/0/0/0, ulsch_errors 0, ulsch_DTX 0, BLER 0.00000 MCS (0) 0 (Qm 2 deltaMCS 0 dB) NPRB 5  SNR 50.5 dB CCE fail 0
UE 0388: MAC:    TX           9044 RX          80435 bytes
UE 0388: LCID 1: TX            541 RX            284 bytes
UE 0388: LCID 2: TX              0 RX              0 bytes
UE 0388: LCID 4: TX             15 RX            270 bytes

[0m[NR_MAC]   Frame.Slot 0.0
UE RNTI 0388 CU-UE-ID 1 in-sync PH 48 dB PCMAX 20 dBm, average RSRP -44 (16 meas)
UE 0388: dlsch_rounds 413/0/0/0, dlsch_errors 0, pucch0_DTX 0, BLER 0.00000 MCS (0) 0 CCE fail 2
UE 0388: ulsch_rounds 3992/0/0/0, ulsch_errors 0, ulsch_DTX 0, BLER 0.00000 MCS (0) 0 (Qm 2 deltaMCS 0 dB) NPRB 5  SNR 50.5 dB CCE fail 0
UE 0388: MAC:    TX           9065 RX          80695 bytes
UE 0388: LCID 1: TX            541 RX            284 bytes
UE 0388: LCID 2: TX              0 RX              0 bytes
UE 0388: LCID 4: TX             15 RX            270 bytes

[0m[NR_MAC]   Frame.Slot 128.0
UE RNTI 0388 CU-UE-ID 1 in-sync PH 48 dB PCMAX 20 dBm, average RSRP -44 (16 meas)
UE 0388: dlsch_rounds 415/0/0/0, dlsch_errors 0, pucch0_DTX 0, BLER 0.00000 MCS (0) 0 CCE fail 2
UE 0388: ulsch_rounds 4005/0/0/0, ulsch_errors 0, ulsch_DTX 0, BLER 0.00000 MCS (0) 0 (Qm 2 deltaMCS 0 dB) NPRB 5  SNR 50.5 dB CCE fail 0
UE 0388: MAC:    TX           9107 RX          80955 bytes
UE 0388: LCID 1: TX            541 RX            284 bytes
UE 0388: LCID 2: TX              0 RX              0 bytes
UE 0388: LCID 4: TX             15 RX            270 bytes

[0m[NR_MAC]   Frame.Slot 256.0
UE RNTI 0388 CU-UE-ID 1 in-sync PH 48 dB PCMAX 20 dBm, average RSRP -44 (16 meas)
UE 0388: dlsch_rounds 416/0/0/0, dlsch_errors 0, pucch0_DTX 0, BLER 0.00000 MCS (0) 0 CCE fail 2
UE 0388: ulsch_rounds 4018/0/0/0, ulsch_errors 0, ulsch_DTX 0, BLER 0.00000 MCS (0) 0 (Qm 2 deltaMCS 0 dB) NPRB 5  SNR 50.5 dB CCE fail 0
UE 0388: MAC:    TX           9128 RX          81215 bytes
UE 0388: LCID 1: TX            541 RX            284 bytes
UE 0388: LCID 2: TX              0 RX              0 bytes
UE 0388: LCID 4: TX             15 RX            270 bytes

[0m[NR_MAC]   Frame.Slot 384.0
UE RNTI 0388 CU-UE-ID 1 in-sync PH 48 dB PCMAX 20 dBm, average RSRP -44 (16 meas)
UE 0388: dlsch_rounds 417/0/0/0, dlsch_errors 0, pucch0_DTX 0, BLER 0.00000 MCS (0) 0 CCE fail 2
UE 0388: ulsch_rounds 4031/0/0/0, ulsch_errors 0, ulsch_DTX 0, BLER 0.00000 MCS (0) 0 (Qm 2 deltaMCS 0 dB) NPRB 5  SNR 50.5 dB CCE fail 0
UE 0388: MAC:    TX           9149 RX          81475 bytes
UE 0388: LCID 1: TX            541 RX            284 bytes
UE 0388: LCID 2: TX              0 RX              0 bytes
UE 0388: LCID 4: TX             15 RX            270 bytes

[0m[NR_MAC]   Frame.Slot 512.0
UE RNTI 0388 CU-UE-ID 1 in-sync PH 48 dB PCMAX 20 dBm, average RSRP -44 (16 meas)
UE 0388: dlsch_rounds 418/0/0/0, dlsch_errors 0, pucch0_DTX 0, BLER 0.00000 MCS (0) 0 CCE fail 2
UE 0388: ulsch_rounds 4043/0/0/0, ulsch_errors 0, ulsch_DTX 0, BLER 0.00000 MCS (0) 0 (Qm 2 deltaMCS 0 dB) NPRB 5  SNR 50.5 dB CCE fail 0
UE 0388: MAC:    TX           9170 RX          81715 bytes
UE 0388: LCID 1: TX            541 RX            284 bytes
UE 0388: LCID 2: TX              0 RX              0 bytes
UE 0388: LCID 4: TX             15 RX            270 bytes

[0m[NR_MAC]   Frame.Slot 640.0
UE RNTI 0388 CU-UE-ID 1 in-sync PH 48 dB PCMAX 20 dBm, average RSRP -44 (16 meas)
UE 0388: dlsch_rounds 420/0/0/0, dlsch_errors 0, pucch0_DTX 0, BLER 0.00000 MCS (0) 0 CCE fail 2
UE 0388: ulsch_rounds 4056/0/0/0, ulsch_errors 0, ulsch_DTX 0, BLER 0.00000 MCS (0) 0 (Qm 2 deltaMCS 0 dB) NPRB 5  SNR 50.5 dB CCE fail 0
UE 0388: MAC:    TX           9212 RX          81975 bytes
UE 0388: LCID 1: TX            541 RX            284 bytes
UE 0388: LCID 2: TX              0 RX              0 bytes
UE 0388: LCID 4: TX             15 RX            270 bytes

[0m[NR_MAC]   Frame.Slot 768.0
UE RNTI 0388 CU-UE-ID 1 in-sync PH 48 dB PCMAX 20 dBm, average RSRP -44 (16 meas)
UE 0388: dlsch_rounds 421/0/0/0, dlsch_errors 0, pucch0_DTX 0, BLER 0.00000 MCS (0) 0 CCE fail 2
UE 0388: ulsch_rounds 4069/0/0/0, ulsch_errors 0, ulsch_DTX 0, BLER 0.00000 MCS (0) 0 (Qm 2 deltaMCS 0 dB) NPRB 5  SNR 50.5 dB CCE fail 0
UE 0388: MAC:    TX           9233 RX          82235 bytes
UE 0388: LCID 1: TX            541 RX            284 bytes
UE 0388: LCID 2: TX              0 RX              0 bytes
UE 0388: LCID 4: TX             15 RX            270 bytes

[0m[NR_MAC]   Frame.Slot 896.0
UE RNTI 0388 CU-UE-ID 1 in-sync PH 48 dB PCMAX 20 dBm, average RSRP -44 (16 meas)
UE 0388: dlsch_rounds 422/0/0/0, dlsch_errors 0, pucch0_DTX 0, BLER 0.00000 MCS (0) 0 CCE fail 2
UE 0388: ulsch_rounds 4082/0/0/0, ulsch_errors 0, ulsch_DTX 0, BLER 0.00000 MCS (0) 0 (Qm 2 deltaMCS 0 dB) NPRB 5  SNR 50.5 dB CCE fail 0
UE 0388: MAC:    TX           9254 RX          82495 bytes
UE 0388: LCID 1: TX            541 RX            284 bytes
UE 0388: LCID 2: TX              0 RX              0 bytes
UE 0388: LCID 4: TX             15 RX            270 bytes

[0m[NR_MAC]   Frame.Slot 0.0
UE RNTI 0388 CU-UE-ID 1 in-sync PH 48 dB PCMAX 20 dBm, average RSRP -44 (16 meas)
UE 0388: dlsch_rounds 424/0/0/0, dlsch_errors 0, pucch0_DTX 0, BLER 0.00000 MCS (0) 0 CCE fail 2
UE 0388: ulsch_rounds 4095/0/0/0, ulsch_errors 0, ulsch_DTX 0, BLER 0.00000 MCS (0) 0 (Qm 2 deltaMCS 0 dB) NPRB 5  SNR 50.5 dB CCE fail 0
UE 0388: MAC:    TX           9296 RX          82755 bytes
UE 0388: LCID 1: TX            541 RX            284 bytes
UE 0388: LCID 2: TX              0 RX              0 bytes
UE 0388: LCID 4: TX             15 RX            270 bytes

[0m[NR_MAC]   Frame.Slot 128.0
UE RNTI 0388 CU-UE-ID 1 in-sync PH 48 dB PCMAX 20 dBm, average RSRP -44 (16 meas)
UE 0388: dlsch_rounds 425/0/0/0, dlsch_errors 0, pucch0_DTX 0, BLER 0.00000 MCS (0) 0 CCE fail 2
UE 0388: ulsch_rounds 4107/0/0/0, ulsch_errors 0, ulsch_DTX 0, BLER 0.00000 MCS (0) 0 (Qm 2 deltaMCS 0 dB) NPRB 5  SNR 50.5 dB CCE fail 0
UE 0388: MAC:    TX           9317 RX          82995 bytes
UE 0388: LCID 1: TX            541 RX            284 bytes
UE 0388: LCID 2: TX              0 RX              0 bytes
UE 0388: LCID 4: TX             15 RX            270 bytes

[0m[NR_MAC]   Frame.Slot 256.0
UE RNTI 0388 CU-UE-ID 1 in-sync PH 48 dB PCMAX 20 dBm, average RSRP -44 (16 meas)
UE 0388: dlsch_rounds 426/0/0/0, dlsch_errors 0, pucch0_DTX 0, BLER 0.00000 MCS (0) 0 CCE fail 2
UE 0388: ulsch_rounds 4120/0/0/0, ulsch_errors 0, ulsch_DTX 0, BLER 0.00000 MCS (0) 0 (Qm 2 deltaMCS 0 dB) NPRB 5  SNR 50.5 dB CCE fail 0
UE 0388: MAC:    TX           9338 RX          83255 bytes
UE 0388: LCID 1: TX            541 RX            284 bytes
UE 0388: LCID 2: TX              0 RX              0 bytes
UE 0388: LCID 4: TX             15 RX            270 bytes

[0m[NR_MAC]   Frame.Slot 384.0
UE RNTI 0388 CU-UE-ID 1 in-sync PH 48 dB PCMAX 20 dBm, average RSRP -44 (16 meas)
UE 0388: dlsch_rounds 427/0/0/0, dlsch_errors 0, pucch0_DTX 0, BLER 0.00000 MCS (0) 0 CCE fail 2
UE 0388: ulsch_rounds 4133/0/0/0, ulsch_errors 0, ulsch_DTX 0, BLER 0.00000 MCS (0) 0 (Qm 2 deltaMCS 0 dB) NPRB 5  SNR 50.5 dB CCE fail 0
UE 0388: MAC:    TX           9359 RX          83515 bytes
UE 0388: LCID 1: TX            541 RX            284 bytes
UE 0388: LCID 2: TX              0 RX              0 bytes
UE 0388: LCID 4: TX             15 RX            270 bytes

[0m[NR_MAC]   Frame.Slot 512.0
UE RNTI 0388 CU-UE-ID 1 in-sync PH 48 dB PCMAX 20 dBm, average RSRP -44 (16 meas)
UE 0388: dlsch_rounds 429/0/0/0, dlsch_errors 0, pucch0_DTX 0, BLER 0.00000 MCS (0) 0 CCE fail 2
UE 0388: ulsch_rounds 4146/0/0/0, ulsch_errors 0, ulsch_DTX 0, BLER 0.00000 MCS (0) 0 (Qm 2 deltaMCS 0 dB) NPRB 5  SNR 50.5 dB CCE fail 0
UE 0388: MAC:    TX           9401 RX          83775 bytes
UE 0388: LCID 1: TX            541 RX            284 bytes
UE 0388: LCID 2: TX              0 RX              0 bytes
UE 0388: LCID 4: TX             15 RX            270 bytes

[0m[NR_MAC]   Frame.Slot 640.0
UE RNTI 0388 CU-UE-ID 1 in-sync PH 48 dB PCMAX 20 dBm, average RSRP -44 (16 meas)
UE 0388: dlsch_rounds 430/0/0/0, dlsch_errors 0, pucch0_DTX 0, BLER 0.00000 MCS (0) 0 CCE fail 2
UE 0388: ulsch_rounds 4159/0/0/0, ulsch_errors 0, ulsch_DTX 0, BLER 0.00000 MCS (0) 0 (Qm 2 deltaMCS 0 dB) NPRB 5  SNR 50.5 dB CCE fail 0
UE 0388: MAC:    TX           9422 RX          84035 bytes
UE 0388: LCID 1: TX            541 RX            284 bytes
UE 0388: LCID 2: TX              0 RX              0 bytes
UE 0388: LCID 4: TX             15 RX            270 bytes

[0m[NR_MAC]   Frame.Slot 768.0
UE RNTI 0388 CU-UE-ID 1 in-sync PH 48 dB PCMAX 20 dBm, average RSRP -44 (16 meas)
UE 0388: dlsch_rounds 431/0/0/0, dlsch_errors 0, pucch0_DTX 0, BLER 0.00000 MCS (0) 0 CCE fail 2
UE 0388: ulsch_rounds 4171/0/0/0, ulsch_errors 0, ulsch_DTX 0, BLER 0.00000 MCS (0) 0 (Qm 2 deltaMCS 0 dB) NPRB 5  SNR 50.5 dB CCE fail 0
UE 0388: MAC:    TX           9443 RX          84275 bytes
UE 0388: LCID 1: TX            541 RX            284 bytes
UE 0388: LCID 2: TX              0 RX              0 bytes
UE 0388: LCID 4: TX             15 RX            270 bytes

[0m[NR_MAC]   Frame.Slot 896.0
UE RNTI 0388 CU-UE-ID 1 in-sync PH 48 dB PCMAX 20 dBm, average RSRP -44 (16 meas)
UE 0388: dlsch_rounds 433/0/0/0, dlsch_errors 0, pucch0_DTX 0, BLER 0.00000 MCS (0) 0 CCE fail 2
UE 0388: ulsch_rounds 4184/0/0/0, ulsch_errors 0, ulsch_DTX 0, BLER 0.00000 MCS (0) 0 (Qm 2 deltaMCS 0 dB) NPRB 5  SNR 50.5 dB CCE fail 0
UE 0388: MAC:    TX           9485 RX          84535 bytes
UE 0388: LCID 1: TX            541 RX            284 bytes
UE 0388: LCID 2: TX              0 RX              0 bytes
UE 0388: LCID 4: TX             15 RX            270 bytes

[0m[NR_MAC]   Frame.Slot 0.0
UE RNTI 0388 CU-UE-ID 1 in-sync PH 48 dB PCMAX 20 dBm, average RSRP -44 (16 meas)
UE 0388: dlsch_rounds 434/0/0/0, dlsch_errors 0, pucch0_DTX 0, BLER 0.00000 MCS (0) 0 CCE fail 2
UE 0388: ulsch_rounds 4197/0/0/0, ulsch_errors 0, ulsch_DTX 0, BLER 0.00000 MCS (0) 0 (Qm 2 deltaMCS 0 dB) NPRB 5  SNR 50.5 dB CCE fail 0
UE 0388: MAC:    TX           9506 RX          84795 bytes
UE 0388: LCID 1: TX            541 RX            284 bytes
UE 0388: LCID 2: TX              0 RX              0 bytes
UE 0388: LCID 4: TX             15 RX            270 bytes

[0m[NR_MAC]   Frame.Slot 128.0
UE RNTI 0388 CU-UE-ID 1 in-sync PH 48 dB PCMAX 20 dBm, average RSRP -44 (16 meas)
UE 0388: dlsch_rounds 435/0/0/0, dlsch_errors 0, pucch0_DTX 0, BLER 0.00000 MCS (0) 0 CCE fail 2
UE 0388: ulsch_rounds 4210/0/0/0, ulsch_errors 0, ulsch_DTX 0, BLER 0.00000 MCS (0) 0 (Qm 2 deltaMCS 0 dB) NPRB 5  SNR 50.5 dB CCE fail 0
UE 0388: MAC:    TX           9527 RX          85055 bytes
UE 0388: LCID 1: TX            541 RX            284 bytes
UE 0388: LCID 2: TX              0 RX              0 bytes
UE 0388: LCID 4: TX             15 RX            270 bytes

[0m[NR_MAC]   Frame.Slot 256.0
UE RNTI 0388 CU-UE-ID 1 in-sync PH 48 dB PCMAX 20 dBm, average RSRP -44 (16 meas)
UE 0388: dlsch_rounds 436/0/0/0, dlsch_errors 0, pucch0_DTX 0, BLER 0.00000 MCS (0) 0 CCE fail 2
UE 0388: ulsch_rounds 4223/0/0/0, ulsch_errors 0, ulsch_DTX 0, BLER 0.00000 MCS (0) 0 (Qm 2 deltaMCS 0 dB) NPRB 5  SNR 50.5 dB CCE fail 0
UE 0388: MAC:    TX           9548 RX          85315 bytes
UE 0388: LCID 1: TX            541 RX            284 bytes
UE 0388: LCID 2: TX              0 RX              0 bytes
UE 0388: LCID 4: TX             15 RX            270 bytes

[0m[NR_MAC]   Frame.Slot 384.0
UE RNTI 0388 CU-UE-ID 1 in-sync PH 48 dB PCMAX 20 dBm, average RSRP -44 (16 meas)
UE 0388: dlsch_rounds 438/0/0/0, dlsch_errors 0, pucch0_DTX 0, BLER 0.00000 MCS (0) 0 CCE fail 2
UE 0388: ulsch_rounds 4235/0/0/0, ulsch_errors 0, ulsch_DTX 0, BLER 0.00000 MCS (0) 0 (Qm 2 deltaMCS 0 dB) NPRB 5  SNR 50.5 dB CCE fail 0
UE 0388: MAC:    TX           9590 RX          85555 bytes
UE 0388: LCID 1: TX            541 RX            284 bytes
UE 0388: LCID 2: TX              0 RX              0 bytes
UE 0388: LCID 4: TX             15 RX            270 bytes

[0m[34m[F1AP]   DU Task Received F1AP_UL_RRC_MESSAGE for instance 0: sending SCTP messages via assoc_id 336
[0m[34m[F1AP]   size 33 UE RNTI 388 in SRB 2
[0m[34m[F1AP]   DU Task Received SCTP_DATA_IND for instance 0: sending SCTP messages via assoc_id 336
[0m[34m[F1AP]   Calling handler with instance 0
[0m[NR_MAC]   Frame.Slot 512.0
UE RNTI 0388 CU-UE-ID 1 in-sync PH 48 dB PCMAX 20 dBm, average RSRP -44 (16 meas)
UE 0388: dlsch_rounds 441/0/0/0, dlsch_errors 0, pucch0_DTX 0, BLER 0.00000 MCS (0) 0 CCE fail 2
UE 0388: ulsch_rounds 4255/0/0/0, ulsch_errors 0, ulsch_DTX 0, BLER 0.00000 MCS (0) 0 (Qm 2 deltaMCS 0 dB) NPRB 5  SNR 50.5 dB CCE fail 0
UE 0388: MAC:    TX           9658 RX          85947 bytes
UE 0388: LCID 1: TX            541 RX            284 bytes
UE 0388: LCID 2: TX             17 RX             38 bytes
UE 0388: LCID 4: TX             15 RX            270 bytes

[0m[34m[F1AP]   DU Task Received SCTP_DATA_IND for instance 0: sending SCTP messages via assoc_id 336
[0m[34m[F1AP]   Calling handler with instance 0
[0m[GTPU]   [90] UE ID 904: Delete all tunnels (1 tunnels)
[0m[1;31m[GTPU]   try to get a gtp-u not existing output
[0m[93m[RLC]   Remove UE 904
[0m[34m[F1AP]   DU Task Received F1AP_UE_CONTEXT_RELEASE_COMPLETE for instance 0: sending SCTP messages via assoc_id 336
[0m[NR_MAC]   Remove NR rnti 0x0388
[0m[1;31m[NR_MAC]   Unknown RNTI 0388 in PUCCH UCI
[0m[NR_MAC]   Frame.Slot 640.0

[0m[NR_MAC]   Frame.Slot 768.0

[0m[93m[HW]   Lost socket
[0m[NR_MAC]   Frame.Slot 896.0

[0m